Timestamp,Address,RawValue,HumanValue,Delta
2026-04-26 18:56:01.783,11570,5584,5.584,59
2026-04-26 18:56:02.165,12038,5678,5.678,153
2026-04-26 18:56:02.225,11638,3006,3.006,169
2026-04-26 18:56:02.566,11570,5775,5.775,191
2026-04-26 18:56:02.933,12038,5867,5.867,189
2026-04-26 18:56:02.996,11638,3195,3.195,189
2026-04-26 18:56:03.345,11570,5967,5.967,192
2026-04-26 18:56:03.714,12038,6056,6.056,189
2026-04-26 18:56:03.765,11638,3384,3.384,189
2026-04-26 18:56:04.105,11570,6153,6.153,186
2026-04-26 18:56:04.366,12032,36707,36.707,-5
2026-04-26 18:56:04.386,12033,2465,2.465,2046
2026-04-26 18:56:04.500,12038,6251,6.251,195
2026-04-26 18:56:04.555,11638,3577,3.577,193
2026-04-26 18:56:04.786,11564,29929,29.929,-2911
2026-04-26 18:56:04.811,11565,46387,46.387,14412
2026-04-26 18:56:04.906,11570,6349,6.349,196
2026-04-26 18:56:05.144,12032,30055,30.055,-6652
2026-04-26 18:56:05.165,12033,16890,16.890,14425
2026-04-26 18:56:05.265,12038,6438,6.438,187
2026-04-26 18:56:05.324,11638,3766,3.766,189
2026-04-26 18:56:05.547,11564,24840,24.840,-5089
2026-04-26 18:56:05.566,11565,19804,19.804,-26583
2026-04-26 18:56:05.584,11566,58907,58.907,58907
2026-04-26 18:56:05.666,11570,6535,6.535,186
2026-04-26 18:56:05.907,12032,28712,28.712,-1343
2026-04-26 18:56:05.924,12033,53784,53.784,36894
2026-04-26 18:56:05.944,12034,37173,37.173,-15340
2026-04-26 18:56:06.025,12038,6625,6.625,187
2026-04-26 18:56:06.096,11638,3955,3.955,189
2026-04-26 18:56:06.355,11566,1967,1.967,-56940
2026-04-26 18:56:06.434,11570,6724,6.724,189
2026-04-26 18:56:06.768,12034,41568,41.568,4395
2026-04-26 18:56:07.025,12038,6870,6.870,245
2026-04-26 18:56:07.085,11638,4198,4.198,243
2026-04-26 18:56:07.325,11565,19959,19.959,155
2026-04-26 18:56:07.344,11566,50627,50.627,48660
2026-04-26 18:56:07.439,11570,6970,6.970,246
2026-04-26 18:56:07.748,12033,769,0.769,-53015
2026-04-26 18:56:07.765,12034,13256,13.256,-28312
2026-04-26 18:56:07.844,12038,7071,7.071,201
2026-04-26 18:56:07.907,11638,4399,4.399,201
2026-04-26 18:56:08.146,11565,43481,43.481,23522
2026-04-26 18:56:08.165,11566,42104,42.104,-8523
2026-04-26 18:56:08.245,11570,7168,7.168,198
2026-04-26 18:56:08.516,12033,12000,12.000,11231
2026-04-26 18:56:08.546,12034,9354,9.354,-3902
2026-04-26 18:56:08.624,12038,7262,7.262,191
2026-04-26 18:56:08.685,11638,4590,4.590,191
2026-04-26 18:56:08.925,11565,43556,43.556,75
2026-04-26 18:56:08.945,11566,42099,42.099,-5
2026-04-26 18:56:09.024,11570,7359,7.359,191
2026-04-26 18:56:09.394,12038,7451,7.451,189
2026-04-26 18:56:09.455,11638,4779,4.779,189
2026-04-26 18:56:09.796,11570,7548,7.548,189
2026-04-26 18:56:10.177,12038,7643,7.643,192
2026-04-26 18:56:10.235,11638,4970,4.970,191
2026-04-26 18:56:10.585,11570,7742,7.742,194
2026-04-26 18:56:10.956,12038,7834,7.834,191
2026-04-26 18:56:11.016,11638,5161,5.161,191
2026-04-26 18:56:11.356,11570,7931,7.931,189
2026-04-26 18:56:11.625,12033,18903,18.903,6903
2026-04-26 18:56:11.645,12034,6609,6.609,-2745
2026-04-26 18:56:11.725,12038,8023,8.023,189
2026-04-26 18:56:11.784,11638,5350,5.350,189
2026-04-26 18:56:12.036,11565,63229,63.229,19673
2026-04-26 18:56:12.057,11566,34706,34.706,-7393
2026-04-26 18:56:12.137,11570,8122,8.122,191
2026-04-26 18:56:12.395,12033,41235,41.235,22332
2026-04-26 18:56:12.415,12034,65236,65.236,58627
2026-04-26 18:56:12.497,12038,8211,8.211,188
2026-04-26 18:56:12.555,11638,5539,5.539,189
2026-04-26 18:56:12.796,11565,54167,54.167,-9062
2026-04-26 18:56:12.818,11566,32444,32.444,-2262
2026-04-26 18:56:12.907,11570,8311,8.311,189
2026-04-26 18:56:13.397,12033,57641,57.641,16406
2026-04-26 18:56:13.497,12038,8457,8.457,246
2026-04-26 18:56:13.566,11638,5787,5.787,248
2026-04-26 18:56:13.806,11565,26075,26.075,-28092
2026-04-26 18:56:13.907,11570,8556,8.556,245
2026-04-26 18:56:14.185,12033,58392,58.392,751
2026-04-26 18:56:14.284,12038,8650,8.650,193
2026-04-26 18:56:14.345,11638,5978,5.978,191
2026-04-26 18:56:14.584,11565,24787,24.787,-1288
2026-04-26 18:56:14.688,11570,8748,8.748,192
2026-04-26 18:56:14.944,12033,34963,34.963,-23429
2026-04-26 18:56:15.045,12038,8837,8.837,187
2026-04-26 18:56:15.107,11638,6165,6.165,187
2026-04-26 18:56:15.337,11564,4339,4.339,-20501
2026-04-26 18:56:15.365,11565,7052,7.052,-17735
2026-04-26 18:56:15.475,11570,8941,8.941,193
2026-04-26 18:56:15.727,12032,11353,11.353,-17359
2026-04-26 18:56:15.745,12033,41032,41.032,6069
2026-04-26 18:56:15.844,12038,9033,9.033,196
2026-04-26 18:56:15.906,11638,6361,6.361,196
2026-04-26 18:56:16.134,11564,5746,5.746,1407
2026-04-26 18:56:16.256,11570,9133,9.133,192
2026-04-26 18:56:16.496,12032,14679,14.679,3326
2026-04-26 18:56:16.615,12038,9222,9.222,189
2026-04-26 18:56:16.677,11638,6550,6.550,189
2026-04-26 18:56:16.897,11564,10431,10.431,4685
2026-04-26 18:56:17.014,11570,9319,9.319,186
2026-04-26 18:56:17.256,12032,18684,18.684,4005
2026-04-26 18:56:17.386,12038,9411,9.411,189
2026-04-26 18:56:17.444,11638,6738,6.738,188
2026-04-26 18:56:17.656,11564,14437,14.437,4006
2026-04-26 18:56:17.783,11570,9508,9.508,189
2026-04-26 18:56:18.068,12032,15215,15.215,-3469
2026-04-26 18:56:18.186,12038,9607,9.607,196
2026-04-26 18:56:18.246,11638,6935,6.935,197
2026-04-26 18:56:18.468,11564,15477,15.477,1040
2026-04-26 18:56:18.593,11570,9704,9.704,196
2026-04-26 18:56:18.825,12032,1000,1.000,-14215
2026-04-26 18:56:18.846,12033,33888,33.888,-7144
2026-04-26 18:56:18.956,12038,9796,9.796,189
2026-04-26 18:56:19.017,11638,7123,7.123,188
2026-04-26 18:56:19.247,11564,62664,62.664,47187
2026-04-26 18:56:19.271,11565,12800,12.800,5748
2026-04-26 18:56:19.365,11570,9895,9.895,191
2026-04-26 18:56:19.634,12033,50481,50.481,16593
2026-04-26 18:56:19.746,12038,9989,9.989,193
2026-04-26 18:56:19.824,11638,7322,7.322,199
2026-04-26 18:56:20.096,11565,5933,5.933,-6867
2026-04-26 18:56:20.195,11570,10099,10.099,204
2026-04-26 18:56:20.457,12033,44294,44.294,-6187
2026-04-26 18:56:20.556,12038,10188,10.188,199
2026-04-26 18:56:20.616,11638,7516,7.516,194
2026-04-26 18:56:20.857,11565,9939,9.939,4006
2026-04-26 18:56:20.957,11570,10285,10.285,186
2026-04-26 18:56:21.217,12033,48979,48.979,4685
2026-04-26 18:56:21.316,12038,10374,10.374,186
2026-04-26 18:56:21.395,11638,7707,7.707,191
2026-04-26 18:56:21.650,11565,9867,9.867,-72
2026-04-26 18:56:21.747,11570,10479,10.479,194
2026-04-26 18:56:22.015,12033,46869,46.869,-2110
2026-04-26 18:56:22.138,12038,10576,10.576,202
2026-04-26 18:56:22.196,11638,7903,7.903,196
2026-04-26 18:56:22.437,11565,9116,9.116,-751
2026-04-26 18:56:22.609,11570,10687,10.687,208
2026-04-26 18:56:22.875,12033,34567,34.567,-12302
2026-04-26 18:56:22.977,12038,10781,10.781,205
2026-04-26 18:56:23.035,11638,8109,8.109,206
2026-04-26 18:56:23.276,11565,211,0.211,-8905
2026-04-26 18:56:23.378,11570,10879,10.879,192
2026-04-26 18:56:23.647,12033,37213,37.213,2646
2026-04-26 18:56:23.747,12038,10970,10.970,189
2026-04-26 18:56:23.816,11638,8301,8.301,192
2026-04-26 18:56:24.056,11565,1739,1.739,1528
2026-04-26 18:56:24.165,11570,11072,11.072,193
2026-04-26 18:56:24.416,12032,2176,2.176,1176
2026-04-26 18:56:24.438,12033,2729,2.729,-34484
2026-04-26 18:56:24.536,12038,11164,11.164,194
2026-04-26 18:56:24.596,11638,8492,8.492,191
2026-04-26 18:56:24.817,11564,30061,30.061,-32603
2026-04-26 18:56:24.836,11565,32556,32.556,30817
2026-04-26 18:56:24.937,11570,11261,11.261,189
2026-04-26 18:56:25.208,12032,33235,33.235,31059
2026-04-26 18:56:25.226,12033,1000,1.000,-1729
2026-04-26 18:56:25.326,12038,11358,11.358,194
2026-04-26 18:56:25.387,11638,8686,8.686,194
2026-04-26 18:56:25.606,11564,29738,29.738,-323
2026-04-26 18:56:25.727,11570,11455,11.455,194
2026-04-26 18:56:25.975,12032,30588,30.588,-2647
2026-04-26 18:56:26.110,12038,11550,11.550,192
2026-04-26 18:56:26.168,11638,8877,8.877,191
2026-04-26 18:56:26.387,11564,29130,29.130,-608
2026-04-26 18:56:26.507,11570,11646,11.646,191
2026-04-26 18:56:26.746,12032,27942,27.942,-2646
2026-04-26 18:56:26.868,12038,11735,11.735,185
2026-04-26 18:56:26.925,11638,9063,9.063,186
2026-04-26 18:56:27.169,11564,27843,27.843,-1287
2026-04-26 18:56:27.287,11570,11837,11.837,191
2026-04-26 18:56:27.548,12032,30052,30.052,2110
2026-04-26 18:56:27.668,12038,11932,11.932,197
2026-04-26 18:56:27.740,11638,9262,9.262,199
2026-04-26 18:56:27.976,11564,16988,16.988,-10855
2026-04-26 18:56:28.096,11570,12036,12.036,199
2026-04-26 18:56:28.347,12032,28712,28.712,-1340
2026-04-26 18:56:28.370,12033,18353,18.353,17353
2026-04-26 18:56:28.468,12038,12128,12.128,196
2026-04-26 18:56:28.536,11638,9458,9.458,196
2026-04-26 18:56:28.756,11564,24840,24.840,7852
2026-04-26 18:56:28.777,11565,47173,47.173,14617
2026-04-26 18:56:28.877,11570,12227,12.227,191
2026-04-26 18:56:29.176,12033,15992,15.992,-2361
2026-04-26 18:56:29.286,12038,12329,12.329,201
2026-04-26 18:56:29.347,11638,9657,9.657,199
2026-04-26 18:56:29.588,11565,51321,51.321,4148
2026-04-26 18:56:29.687,11570,12426,12.426,199
2026-04-26 18:56:29.947,12033,14705,14.705,-1287
2026-04-26 18:56:30.057,12038,12518,12.518,189
2026-04-26 18:56:30.115,11638,9845,9.845,188
2026-04-26 18:56:30.369,11565,50034,50.034,-1287
2026-04-26 18:56:30.465,11570,12617,12.617,191
2026-04-26 18:56:30.738,12033,15456,15.456,751
2026-04-26 18:56:30.839,12038,12709,12.709,191
2026-04-26 18:56:30.897,11638,10037,10.037,192
2026-04-26 18:56:31.138,11565,46124,46.124,-3910
2026-04-26 18:56:31.237,11570,12806,12.806,189
2026-04-26 18:56:31.496,12033,38511,38.511,23055
2026-04-26 18:56:31.597,12038,12895,12.895,186
2026-04-26 18:56:31.659,11638,10223,10.223,186
2026-04-26 18:56:31.896,11565,4547,4.547,-41577
2026-04-26 18:56:31.916,11566,65067,65.067,32623
2026-04-26 18:56:31.998,11570,12993,12.993,187
2026-04-26 18:56:32.309,12033,1416,1.416,-37095
2026-04-26 18:56:32.327,12034,38000,38.000,-27236
2026-04-26 18:56:32.404,12038,13094,13.094,199
2026-04-26 18:56:32.469,11638,10422,10.422,199
2026-04-26 18:56:32.717,11565,5476,5.476,929
2026-04-26 18:56:32.736,11566,5208,5.208,-59859
2026-04-26 18:56:32.826,11570,13196,13.196,203
2026-04-26 18:56:33.087,12033,4536,4.536,3120
2026-04-26 18:56:33.187,12038,13285,13.285,191
2026-04-26 18:56:33.245,11638,10613,10.613,191
2026-04-26 18:56:33.497,11565,57372,57.372,51896
2026-04-26 18:56:33.517,11566,52462,52.462,47254
2026-04-26 18:56:33.597,11570,13385,13.385,189
2026-04-26 18:56:33.858,12033,31569,31.569,27033
2026-04-26 18:56:33.878,12034,15673,15.673,-22327
2026-04-26 18:56:33.956,12038,13474,13.474,189
2026-04-26 18:56:34.018,11638,10802,10.802,189
2026-04-26 18:56:34.258,11565,9976,9.976,-47396
2026-04-26 18:56:34.278,11566,43910,43.910,-8552
2026-04-26 18:56:34.358,11570,13571,13.571,186
2026-04-26 18:56:34.637,12033,55960,55.960,24391
2026-04-26 18:56:34.657,12034,6795,6.795,-8878
2026-04-26 18:56:34.736,12038,13665,13.665,191
2026-04-26 18:56:34.797,11638,10993,10.993,191
2026-04-26 18:56:35.038,11565,34367,34.367,24391
2026-04-26 18:56:35.057,11566,35032,35.032,-8878
2026-04-26 18:56:35.140,11570,13763,13.763,192
2026-04-26 18:56:35.397,12033,12139,12.139,-43821
2026-04-26 18:56:35.418,12034,65236,65.236,58441
2026-04-26 18:56:35.498,12038,13852,13.852,187
2026-04-26 18:56:35.558,11638,11180,11.180,187
2026-04-26 18:56:35.797,11565,21442,21.442,-12925
2026-04-26 18:56:35.816,11566,32444,32.444,-2588
2026-04-26 18:56:35.897,11570,13949,13.949,186
2026-04-26 18:56:36.158,12033,51041,51.041,38902
2026-04-26 18:56:36.257,12038,14038,14.038,186
2026-04-26 18:56:36.317,11638,11366,11.366,186
2026-04-26 18:56:36.562,11565,17437,17.437,-4005
2026-04-26 18:56:36.661,11570,14135,14.135,186
2026-04-26 18:56:36.936,12033,49754,49.754,-1287
2026-04-26 18:56:37.039,12038,14229,14.229,191
2026-04-26 18:56:37.098,11638,11557,11.557,191
2026-04-26 18:56:37.349,11565,16305,16.305,-1132
2026-04-26 18:56:37.448,11570,14329,14.329,194
2026-04-26 18:56:37.697,12032,25763,25.763,-2949
2026-04-26 18:56:37.717,12033,9175,9.175,-40579
2026-04-26 18:56:37.818,12038,14421,14.421,192
2026-04-26 18:56:37.877,11638,11748,11.748,191
2026-04-26 18:56:38.098,11564,49006,49.006,24166
2026-04-26 18:56:38.117,11565,41156,41.156,24851
2026-04-26 18:56:38.217,11570,14518,14.518,189
2026-04-26 18:56:38.466,12032,56594,56.594,30831
2026-04-26 18:56:38.478,12033,9600,9.600,425
2026-04-26 18:56:38.577,12038,14607,14.607,186
2026-04-26 18:56:38.639,11638,11935,11.935,187
2026-04-26 18:56:38.879,11564,49628,49.628,622
2026-04-26 18:56:38.997,11570,14709,14.709,191
2026-04-26 18:56:39.247,12032,57202,57.202,608
2026-04-26 18:56:39.368,12038,14801,14.801,194
2026-04-26 18:56:39.429,11638,12129,12.129,194
2026-04-26 18:56:39.649,11564,52275,52.275,2647
2026-04-26 18:56:39.770,11570,14898,14.898,189
2026-04-26 18:56:40.008,12032,61207,61.207,4005
2026-04-26 18:56:40.127,12038,14987,14.987,186
2026-04-26 18:56:40.187,11638,12315,12.315,186
2026-04-26 18:56:40.407,11564,56960,56.960,4685
2026-04-26 18:56:40.527,11570,15084,15.084,186
2026-04-26 18:56:40.778,12032,63854,63.854,2647
2026-04-26 18:56:40.908,12038,15179,15.179,192
2026-04-26 18:56:40.968,11638,12506,12.506,191
2026-04-26 18:56:41.187,11564,5995,5.995,-50965
2026-04-26 18:56:41.312,11570,15276,15.276,192
2026-04-26 18:56:41.570,12032,1000,1.000,-62854
2026-04-26 18:56:41.598,12033,56927,56.927,47327
2026-04-26 18:56:41.697,12038,15372,15.372,193
2026-04-26 18:56:41.759,11638,12700,12.700,194
2026-04-26 18:56:41.977,11564,62664,62.664,56669
2026-04-26 18:56:42.001,11565,27222,27.222,-13934
2026-04-26 18:56:42.097,11570,15469,15.469,193
2026-04-26 18:56:42.358,12033,727,0.727,-56200
2026-04-26 18:56:42.458,12038,15559,15.559,187
2026-04-26 18:56:42.518,11638,12886,12.886,186
2026-04-26 18:56:42.757,11565,31907,31.907,4685
2026-04-26 18:56:42.858,11570,15656,15.656,187
2026-04-26 18:56:43.119,12033,4732,4.732,4005
2026-04-26 18:56:43.217,12038,15745,15.745,186
2026-04-26 18:56:43.288,11638,13075,13.075,189
2026-04-26 18:56:43.518,11565,35913,35.913,4006
2026-04-26 18:56:43.640,11570,15847,15.847,191
2026-04-26 18:56:43.900,12033,6020,6.020,1288
2026-04-26 18:56:43.997,12038,15936,15.936,191
2026-04-26 18:56:44.057,11638,13264,13.264,189
2026-04-26 18:56:44.297,11565,37200,37.200,1287
2026-04-26 18:56:44.397,11570,16033,16.033,186
2026-04-26 18:56:44.657,12033,10705,10.705,4685
2026-04-26 18:56:44.760,12038,16123,16.123,187
2026-04-26 18:56:44.817,11638,13450,13.450,186
2026-04-26 18:56:45.068,11565,39847,39.847,2647
2026-04-26 18:56:45.168,11570,16222,16.222,189
2026-04-26 18:56:45.428,12033,13351,13.351,2646
2026-04-26 18:56:45.537,12038,16314,16.314,191
2026-04-26 18:56:45.596,11638,13642,13.642,192
2026-04-26 18:56:45.839,11565,42735,42.735,2888
2026-04-26 18:56:45.949,11570,16414,16.414,192
2026-04-26 18:56:46.199,12032,2073,2.073,1073
2026-04-26 18:56:46.220,12033,43886,43.886,30535
2026-04-26 18:56:46.317,12038,16505,16.505,191
2026-04-26 18:56:46.377,11638,13833,13.833,191
2026-04-26 18:56:46.596,11564,29456,29.456,-33208
2026-04-26 18:56:46.617,11565,8052,8.052,-34683
2026-04-26 18:56:46.717,11570,16602,16.602,188
2026-04-26 18:56:46.957,12032,27809,27.809,25736
2026-04-26 18:56:46.978,12033,42032,42.032,-1854
2026-04-26 18:56:47.083,12038,16692,16.692,187
2026-04-26 18:56:47.137,11638,14019,14.019,186
2026-04-26 18:56:47.357,11564,24312,24.312,-5144
2026-04-26 18:56:47.477,11570,16789,16.789,187
2026-04-26 18:56:47.758,12032,29919,29.919,2110
2026-04-26 18:56:47.879,12038,16888,16.888,196
2026-04-26 18:56:47.940,11638,14216,14.216,197
2026-04-26 18:56:48.159,11564,27102,27.102,2790
2026-04-26 18:56:48.277,11570,16985,16.985,196
2026-04-26 18:56:48.518,12032,25913,25.913,-4006
2026-04-26 18:56:48.639,12038,17074,17.074,186
2026-04-26 18:56:48.698,11638,14402,14.402,186
2026-04-26 18:56:48.918,11564,22417,22.417,-4685
2026-04-26 18:56:49.049,11570,17174,17.174,189
2026-04-26 18:56:49.289,12032,23267,23.267,-2646
2026-04-26 18:56:49.418,12038,17265,17.265,191
2026-04-26 18:56:49.477,11638,14593,14.593,191
2026-04-26 18:56:49.690,11564,11631,11.631,-10786
2026-04-26 18:56:49.807,11570,17360,17.360,186
2026-04-26 18:56:50.070,12032,28712,28.712,5445
2026-04-26 18:56:50.089,12033,53768,53.768,11736
2026-04-26 18:56:50.187,12038,17454,17.454,189
2026-04-26 18:56:50.247,11638,14782,14.782,189
2026-04-26 18:56:50.477,11564,24840,24.840,13209
2026-04-26 18:56:50.500,11565,11799,11.799,3747
2026-04-26 18:56:50.598,11570,17554,17.554,194
2026-04-26 18:56:50.868,12033,42757,42.757,-11011
2026-04-26 18:56:50.990,12038,17651,17.651,197
2026-04-26 18:56:51.049,11638,14978,14.978,196
2026-04-26 18:56:51.288,11565,12550,12.550,751
2026-04-26 18:56:51.389,11570,17748,17.748,194
2026-04-26 18:56:51.679,12033,46906,46.906,4149
2026-04-26 18:56:51.777,12038,17844,17.844,193
2026-04-26 18:56:51.837,11638,15172,15.172,194
2026-04-26 18:56:52.111,11565,18058,18.058,5508
2026-04-26 18:56:52.208,11570,17949,17.949,201
2026-04-26 18:56:52.477,12033,48408,48.408,1502
2026-04-26 18:56:52.579,12038,18040,18.040,196
2026-04-26 18:56:52.640,11638,15368,15.368,196
2026-04-26 18:56:52.877,11565,42107,42.107,24049
2026-04-26 18:56:52.982,11570,18138,18.138,189
2026-04-26 18:56:53.237,12033,10559,10.559,-37849
2026-04-26 18:56:53.258,12034,30219,30.219,-35017
2026-04-26 18:56:53.341,12038,18227,18.227,187
2026-04-26 18:56:53.407,11638,15557,15.557,189
2026-04-26 18:56:53.665,11565,52965,52.965,10858
2026-04-26 18:56:53.677,11566,5208,5.208,-27236
2026-04-26 18:56:53.768,11570,18331,18.331,193
2026-04-26 18:56:54.038,12033,35915,35.915,25356
2026-04-26 18:56:54.058,12034,38000,38.000,7781
2026-04-26 18:56:54.138,12038,18423,18.423,196
2026-04-26 18:56:54.201,11638,15751,15.751,194
2026-04-26 18:56:54.461,11565,23120,23.120,-29845
2026-04-26 18:56:54.558,11570,18525,18.525,194
2026-04-26 18:56:54.818,12033,59920,59.920,24005
2026-04-26 18:56:54.839,12034,18490,18.490,-19510
2026-04-26 18:56:54.920,12038,18614,18.614,191
2026-04-26 18:56:54.979,11638,15942,15.942,191
2026-04-26 18:56:55.230,11565,33991,33.991,10871
2026-04-26 18:56:55.249,11566,47582,47.582,42374
2026-04-26 18:56:55.328,11570,18714,18.714,189
2026-04-26 18:56:55.593,12033,13929,13.929,-45991
2026-04-26 18:56:55.608,12034,10700,10.700,-7790
2026-04-26 18:56:55.688,12038,18803,18.803,189
2026-04-26 18:56:55.748,11638,16131,16.131,189
2026-04-26 18:56:55.989,11565,57872,57.872,23881
2026-04-26 18:56:56.009,11566,38890,38.890,-8692
2026-04-26 18:56:56.157,11570,18905,18.905,191
2026-04-26 18:56:56.439,12033,40491,40.491,26562
2026-04-26 18:56:56.468,12034,892,0.892,-9808
2026-04-26 18:56:56.548,12038,19014,19.014,211
2026-04-26 18:56:56.609,11638,16342,16.342,211
2026-04-26 18:56:56.878,11565,25505,25.505,-32367
2026-04-26 18:56:56.903,11566,32444,32.444,-6446
2026-04-26 18:56:56.978,11570,19118,19.118,213
2026-04-26 18:56:57.238,12033,49811,49.811,9320
2026-04-26 18:56:57.258,12034,65236,65.236,64344
2026-04-26 18:56:57.339,12038,19208,19.208,194
2026-04-26 18:56:57.399,11638,16535,16.535,193
2026-04-26 18:56:57.641,11565,16207,16.207,-9298
2026-04-26 18:56:57.738,11570,19305,19.305,187
2026-04-26 18:56:58.008,12033,47165,47.165,-2646
2026-04-26 18:56:58.111,12038,19397,19.397,189
2026-04-26 18:56:58.181,11638,16727,16.727,192
2026-04-26 18:56:58.419,11565,15599,15.599,-608
2026-04-26 18:56:58.518,11570,19496,19.496,191
2026-04-26 18:56:58.783,12033,33337,33.337,-13828
2026-04-26 18:56:58.877,12038,19585,19.585,188
2026-04-26 18:56:58.938,11638,16913,16.913,186
2026-04-26 18:56:59.150,11564,13172,13.172,-11668
2026-04-26 18:56:59.170,11565,9724,9.724,-5875
2026-04-26 18:56:59.279,11570,19682,19.682,186
2026-04-26 18:56:59.518,12032,30469,30.469,1757
2026-04-26 18:56:59.538,12033,43704,43.704,10367
2026-04-26 18:56:59.639,12038,19772,19.772,187
2026-04-26 18:56:59.704,11638,17099,17.099,186
2026-04-26 18:56:59.920,11564,25542,25.542,12370
2026-04-26 18:57:00.040,11570,19869,19.869,187
2026-04-26 18:57:00.289,12032,34474,34.474,4005
2026-04-26 18:57:00.440,12038,19968,19.968,196
2026-04-26 18:57:00.499,11638,17296,17.296,197
2026-04-26 18:57:00.720,11564,23432,23.432,-2110
2026-04-26 18:57:00.850,11570,20068,20.068,199
2026-04-26 18:57:01.088,12032,31005,31.005,-3469
2026-04-26 18:57:01.209,12038,20157,20.157,189
2026-04-26 18:57:01.271,11638,17485,17.485,189
2026-04-26 18:57:01.489,11564,26758,26.758,3326
2026-04-26 18:57:01.609,11570,20254,20.254,186
2026-04-26 18:57:01.849,12032,35011,35.011,4006
2026-04-26 18:57:01.970,12038,20343,20.343,186
2026-04-26 18:57:02.029,11638,17671,17.671,186
2026-04-26 18:57:02.256,11564,31061,31.061,4303
2026-04-26 18:57:02.369,11570,20440,20.440,186
2026-04-26 18:57:02.645,12032,2328,2.328,-32683
2026-04-26 18:57:02.680,12033,40036,40.036,-3668
2026-04-26 18:57:02.797,12038,20542,20.542,199
2026-04-26 18:57:02.858,11638,17874,17.874,203
2026-04-26 18:57:03.069,11564,62664,62.664,31603
2026-04-26 18:57:03.089,11565,29086,29.086,19362
2026-04-26 18:57:03.189,11570,20641,20.641,201
2026-04-26 18:57:03.428,12032,1000,1.000,-1328
2026-04-26 18:57:03.448,12033,2590,2.590,-37446
2026-04-26 18:57:03.562,12038,20733,20.733,191
2026-04-26 18:57:03.620,11638,18061,18.061,187
2026-04-26 18:57:03.860,11565,31732,31.732,2646
2026-04-26 18:57:03.959,11570,20830,20.830,189
2026-04-26 18:57:04.230,12033,5237,5.237,2647
2026-04-26 18:57:04.325,12038,20919,20.919,186
2026-04-26 18:57:04.380,11638,18247,18.247,186
2026-04-26 18:57:04.641,11565,33020,33.020,1288
2026-04-26 18:57:04.738,11570,21021,21.021,191
2026-04-26 18:57:05.011,12033,4486,4.486,-751
2026-04-26 18:57:05.120,12038,21116,21.116,197
2026-04-26 18:57:05.180,11638,18443,18.443,196
2026-04-26 18:57:05.418,11565,34307,34.307,1287
2026-04-26 18:57:05.521,11570,21213,21.213,192
2026-04-26 18:57:05.780,12033,7132,7.132,2646
2026-04-26 18:57:05.879,12038,21302,21.302,186
2026-04-26 18:57:05.941,11638,18630,18.630,187
2026-04-26 18:57:06.179,11565,38313,38.313,4006
2026-04-26 18:57:06.279,11570,21399,21.399,186
2026-04-26 18:57:06.540,12033,11817,11.817,4685
2026-04-26 18:57:06.640,12038,21488,21.488,186
2026-04-26 18:57:06.699,11638,18816,18.816,186
2026-04-26 18:57:06.968,11565,38241,38.241,-72
2026-04-26 18:57:07.078,11570,21595,21.595,196
2026-04-26 18:57:07.338,12033,20932,20.932,9115
2026-04-26 18:57:07.440,12038,21685,21.685,197
2026-04-26 18:57:07.499,11638,19012,19.012,196
2026-04-26 18:57:07.709,11564,8822,8.822,-53842
2026-04-26 18:57:07.729,11565,42156,42.156,3915
2026-04-26 18:57:07.829,11570,21779,21.779,184
2026-04-26 18:57:08.068,12032,63447,63.447,62447
2026-04-26 18:57:08.098,12033,10600,10.600,-10332
2026-04-26 18:57:08.204,12038,21871,21.871,186
2026-04-26 18:57:08.260,11638,19199,19.199,187
2026-04-26 18:57:08.480,11564,61989,61.989,53167
2026-04-26 18:57:08.599,11570,21968,21.968,189
2026-04-26 18:57:08.839,12032,60800,60.800,-2647
2026-04-26 18:57:08.959,12038,22057,22.057,186
2026-04-26 18:57:09.021,11638,19385,19.385,186
2026-04-26 18:57:09.238,11564,57304,57.304,-4685
2026-04-26 18:57:09.358,11570,22154,22.154,186
2026-04-26 18:57:09.613,12032,58833,58.833,-1967
2026-04-26 18:57:09.732,12038,22246,22.246,189
2026-04-26 18:57:09.790,11638,19574,19.574,189
2026-04-26 18:57:10.009,11564,54657,54.657,-2647
2026-04-26 18:57:10.129,11570,22343,22.343,189
2026-04-26 18:57:10.370,12032,53469,53.469,-5364
2026-04-26 18:57:10.492,12038,22433,22.433,187
2026-04-26 18:57:10.559,11638,19763,19.763,189
2026-04-26 18:57:10.780,11564,51945,51.945,-2712
2026-04-26 18:57:10.898,11570,22532,22.532,189
2026-04-26 18:57:11.140,12032,25204,25.204,-28265
2026-04-26 18:57:11.159,12033,11592,11.592,992
2026-04-26 18:57:11.271,12038,22624,22.624,191
2026-04-26 18:57:11.330,11638,19952,19.952,189
2026-04-26 18:57:11.540,11564,24840,24.840,-27105
2026-04-26 18:57:11.560,11565,8381,8.381,-33775
2026-04-26 18:57:11.662,11570,22719,22.719,187
2026-04-26 18:57:11.901,12032,28712,28.712,3508
2026-04-26 18:57:11.920,12033,36771,36.771,25179
2026-04-26 18:57:12.020,12038,22808,22.808,184
2026-04-26 18:57:12.080,11638,20136,20.136,184
2026-04-26 18:57:12.320,11565,3166,3.166,-5215
2026-04-26 18:57:12.420,11570,22905,22.905,186
2026-04-26 18:57:12.691,12033,34124,34.124,-2647
2026-04-26 18:57:12.790,12038,22997,22.997,189
2026-04-26 18:57:12.849,11638,20324,20.324,188
2026-04-26 18:57:13.089,11565,520,0.520,-2646
2026-04-26 18:57:13.190,11570,23094,23.094,189
2026-04-26 18:57:13.451,12033,29439,29.439,-4685
2026-04-26 18:57:13.550,12038,23183,23.183,186
2026-04-26 18:57:13.631,11638,20516,20.516,192
2026-04-26 18:57:13.889,11565,62752,62.752,62232
2026-04-26 18:57:13.990,11570,23290,23.290,196
2026-04-26 18:57:14.260,12033,44663,44.663,15224
2026-04-26 18:57:14.281,12034,1922,1.922,-63314
2026-04-26 18:57:14.366,12038,23382,23.382,199
2026-04-26 18:57:14.419,11638,20709,20.709,193
2026-04-26 18:57:14.659,11565,10683,10.683,-52069
2026-04-26 18:57:14.684,11566,4734,4.734,-27710
2026-04-26 18:57:14.760,11570,23479,23.479,189
2026-04-26 18:57:15.007,12032,27739,27.739,-973
2026-04-26 18:57:15.020,12033,48157,48.157,3494
2026-04-26 18:57:15.039,12034,38000,38.000,36078
2026-04-26 18:57:15.120,12038,23568,23.568,186
2026-04-26 18:57:15.180,11638,20896,20.896,187
2026-04-26 18:57:15.389,11564,21280,21.280,-3560
2026-04-26 18:57:15.409,11565,15849,15.849,5166
2026-04-26 18:57:15.431,11566,5208,5.208,474
2026-04-26 18:57:15.510,11570,23663,23.663,184
2026-04-26 18:57:15.770,12032,24712,24.712,-3027
2026-04-26 18:57:15.792,12033,29096,29.096,-19061
2026-04-26 18:57:15.810,12034,24401,24.401,-13599
2026-04-26 18:57:15.889,12038,23757,23.757,189
2026-04-26 18:57:15.951,11638,21085,21.085,189
2026-04-26 18:57:16.180,11564,20840,20.840,-440
2026-04-26 18:57:16.204,11565,65383,65.383,49534
2026-04-26 18:57:16.221,11566,48790,48.790,43582
2026-04-26 18:57:16.300,11570,23856,23.856,193
2026-04-26 18:57:16.571,12033,45576,45.576,16480
2026-04-26 18:57:16.600,12034,11676,11.676,-12725
2026-04-26 18:57:16.681,12038,23951,23.951,194
2026-04-26 18:57:16.739,11638,21278,21.278,193
2026-04-26 18:57:16.980,11565,24238,24.238,-41145
2026-04-26 18:57:17.000,11566,39912,39.912,-8878
2026-04-26 18:57:17.080,11570,24048,24.048,192
2026-04-26 18:57:17.339,12033,4048,4.048,-41528
2026-04-26 18:57:17.359,12034,3030,3.030,-8646
2026-04-26 18:57:17.444,12038,24137,24.137,186
2026-04-26 18:57:17.501,11638,21465,21.465,187
2026-04-26 18:57:17.746,11565,46262,46.262,22024
2026-04-26 18:57:17.760,11566,32444,32.444,-7468
2026-04-26 18:57:17.840,11570,24234,24.234,186
2026-04-26 18:57:18.122,12033,51920,51.920,47872
2026-04-26 18:57:18.144,12034,65236,65.236,62206
2026-04-26 18:57:18.223,12038,24328,24.328,191
2026-04-26 18:57:18.279,11638,21656,21.656,191
2026-04-26 18:57:18.520,11565,17164,17.164,-29098
2026-04-26 18:57:18.619,11570,24425,24.425,191
2026-04-26 18:57:18.860,12032,22875,22.875,-1837
2026-04-26 18:57:18.879,12033,12399,12.399,-39521
2026-04-26 18:57:18.981,12038,24515,24.515,187
2026-04-26 18:57:19.043,11638,21842,21.842,186
2026-04-26 18:57:19.266,11564,50207,50.207,29367
2026-04-26 18:57:19.279,11565,45044,45.044,27880
2026-04-26 18:57:19.381,11570,24612,24.612,187
2026-04-26 18:57:19.621,12032,58621,58.621,35746
2026-04-26 18:57:19.642,12033,13488,13.488,1089
2026-04-26 18:57:19.743,12038,24701,24.701,186
2026-04-26 18:57:19.800,11638,22029,22.029,187
2026-04-26 18:57:20.022,11564,54373,54.373,4166
2026-04-26 18:57:20.146,11570,24798,24.798,186
2026-04-26 18:57:20.379,12032,63306,63.306,4685
2026-04-26 18:57:20.505,12038,24887,24.887,186
2026-04-26 18:57:20.560,11638,22215,22.215,186
2026-04-26 18:57:20.773,11564,60417,60.417,6044
2026-04-26 18:57:20.889,11570,24982,24.982,184
2026-04-26 18:57:21.139,12032,2455,2.455,-60851
2026-04-26 18:57:21.261,12038,25074,25.074,187
2026-04-26 18:57:21.323,11638,22401,22.401,186
2026-04-26 18:57:21.539,11564,63743,63.743,3326
2026-04-26 18:57:21.660,11570,25171,25.171,189
2026-04-26 18:57:21.900,12032,6460,6.460,4005
2026-04-26 18:57:22.021,12038,25260,25.260,186
2026-04-26 18:57:22.082,11638,22588,22.588,187
2026-04-26 18:57:22.300,11564,10344,10.344,-53399
2026-04-26 18:57:22.420,11570,25357,25.357,186
2026-04-26 18:57:22.681,12032,1000,1.000,-5460
2026-04-26 18:57:22.703,12033,1755,1.755,-11733
2026-04-26 18:57:22.800,12038,25451,25.451,191
2026-04-26 18:57:22.859,11638,22779,22.779,191
2026-04-26 18:57:23.079,11564,62664,62.664,52320
2026-04-26 18:57:23.099,11565,42659,42.659,-2385
2026-04-26 18:57:23.201,11570,25549,25.549,192
2026-04-26 18:57:23.462,12033,16163,16.163,14408
2026-04-26 18:57:23.566,12038,25638,25.638,187
2026-04-26 18:57:23.623,11638,22966,22.966,187
2026-04-26 18:57:23.869,11565,45985,45.985,3326
2026-04-26 18:57:23.961,11570,25735,25.735,186
2026-04-26 18:57:24.230,12033,18810,18.810,2647
2026-04-26 18:57:24.331,12038,25827,25.827,189
2026-04-26 18:57:24.389,11638,23154,23.154,188
2026-04-26 18:57:24.623,11565,51371,51.371,5386
2026-04-26 18:57:24.740,11570,25926,25.926,191
2026-04-26 18:57:24.983,12032,1312,1.312,312
2026-04-26 18:57:25.000,12033,47936,47.936,29126
2026-04-26 18:57:25.100,12038,26015,26.015,188
2026-04-26 18:57:25.162,11638,23343,23.343,189
2026-04-26 18:57:25.401,11564,27035,27.035,-35629
2026-04-26 18:57:25.420,11565,10724,10.724,-40647
2026-04-26 18:57:25.522,11570,26117,26.117,191
2026-04-26 18:57:25.761,12032,25066,25.066,23754
2026-04-26 18:57:25.784,12033,44704,44.704,-3232
2026-04-26 18:57:25.903,12038,26212,26.212,197
2026-04-26 18:57:25.962,11638,23539,23.539,196
2026-04-26 18:57:28.423,11564,1486,1.486,-4598
2026-04-26 18:57:28.543,11570,26858,26.858,191
2026-04-26 18:57:28.792,12032,24710,24.710,19135
2026-04-26 18:57:28.810,12033,51585,51.585,6881
2026-04-26 18:57:28.912,12038,26950,26.950,194
2026-04-26 18:57:28.978,11638,24279,24.279,195
2026-04-26 18:57:29.221,11564,20840,20.840,19354
2026-04-26 18:57:29.242,11565,6290,6.290,-4434
2026-04-26 18:57:29.353,11570,27057,27.057,199
2026-04-26 18:57:29.610,12032,24712,24.712,2
2026-04-26 18:57:29.630,12033,39966,39.966,-11619
2026-04-26 18:57:29.731,12038,27151,27.151,201
2026-04-26 18:57:29.794,11638,24479,24.479,200
2026-04-26 18:57:30.047,11565,8374,8.374,2084
2026-04-26 18:57:30.141,11570,27250,27.250,193
2026-04-26 18:57:30.402,12033,12713,12.713,-27253
2026-04-26 18:57:30.500,12038,27340,27.340,189
2026-04-26 18:57:30.583,11638,24673,24.673,194
2026-04-26 18:57:31.056,11565,45395,45.395,37021
2026-04-26 18:57:31.077,11566,5208,5.208,-27236
2026-04-26 18:57:31.165,11570,27501,27.501,251
2026-04-26 18:57:31.442,12032,25528,25.528,816
2026-04-26 18:57:31.468,12033,11130,11.130,-1583
2026-04-26 18:57:31.481,12034,37958,37.958,-27278
2026-04-26 18:57:31.590,12038,27600,27.600,260
2026-04-26 18:57:31.663,11638,24937,24.937,264
2026-04-26 18:57:31.881,11564,22768,22.768,1928
2026-04-26 18:57:31.902,11565,42729,42.729,-2666
2026-04-26 18:57:31.922,11566,50661,50.661,45453
2026-04-26 18:57:32.010,11570,27707,27.707,206
2026-04-26 18:57:32.261,12032,26640,26.640,1112
2026-04-26 18:57:32.286,12033,22084,22.084,10954
2026-04-26 18:57:32.301,12034,13814,13.814,-24144
2026-04-26 18:57:32.383,12038,27801,27.801,201
2026-04-26 18:57:32.443,11638,25128,25.128,191
2026-04-26 18:57:32.701,11565,1003,1.003,-41726
2026-04-26 18:57:32.723,11566,41818,41.818,-8843
2026-04-26 18:57:32.802,11570,27903,27.903,196
2026-04-26 18:57:33.101,12033,47625,47.625,25541
2026-04-26 18:57:33.120,12034,4471,4.471,-9343
2026-04-26 18:57:33.201,12038,28002,28.002,201
2026-04-26 18:57:33.266,11638,25330,25.330,202
2026-04-26 18:57:33.502,11565,25987,25.987,24984
2026-04-26 18:57:33.533,11566,32670,32.670,-9148
2026-04-26 18:57:33.611,11570,28101,28.101,198
2026-04-26 18:57:33.877,12033,13883,13.883,-33742
2026-04-26 18:57:33.891,12034,65236,65.236,60765
2026-04-26 18:57:33.973,12038,28191,28.191,189
2026-04-26 18:57:34.033,11638,25518,25.518,188
2026-04-26 18:57:34.270,11565,42283,42.283,16296
2026-04-26 18:57:34.290,11566,32444,32.444,-226
2026-04-26 18:57:34.372,11570,28288,28.288,187
2026-04-26 18:57:34.614,12032,25587,25.587,-1053
2026-04-26 18:57:34.632,12033,41141,41.141,27258
2026-04-26 18:57:34.731,12038,28377,28.377,186
2026-04-26 18:57:34.791,11638,25705,25.705,187
2026-04-26 18:57:35.012,11564,56013,56.013,33245
2026-04-26 18:57:35.032,11565,9044,9.044,-33239
2026-04-26 18:57:35.133,11570,28474,28.474,186
2026-04-26 18:57:35.373,12032,65441,65.441,39854
2026-04-26 18:57:35.392,12033,43024,43.024,1883
2026-04-26 18:57:35.502,12038,28566,28.566,189
2026-04-26 18:57:35.567,11638,25894,25.894,189
2026-04-26 18:57:35.791,11564,23659,23.659,-32354
2026-04-26 18:57:35.818,11565,6650,6.650,-2394
2026-04-26 18:57:35.915,11570,28665,28.665,191
2026-04-26 18:57:36.150,12032,25712,25.712,-39729
2026-04-26 18:57:36.170,12033,9409,9.409,-33615
2026-04-26 18:57:36.273,12038,28755,28.755,189
2026-04-26 18:57:36.332,11638,26082,26.082,188
2026-04-26 18:57:36.554,11564,21840,21.840,-1819
2026-04-26 18:57:36.572,11565,40925,40.925,34275
2026-04-26 18:57:36.672,11570,28852,28.852,187
2026-04-26 18:57:36.933,12033,13750,13.750,4341
2026-04-26 18:57:37.031,12038,28941,28.941,186
2026-04-26 18:57:37.092,11638,26269,26.269,187
2026-04-26 18:57:37.666,11565,55427,55.427,14502
2026-04-26 18:57:37.773,11570,29122,29.122,270
2026-04-26 18:57:38.031,12032,25831,25.831,119
2026-04-26 18:57:38.051,12033,48616,48.616,34866
2026-04-26 18:57:38.151,12038,29216,29.216,275
2026-04-26 18:57:38.213,11638,26544,26.544,275
2026-04-26 18:57:38.444,11564,48348,48.348,26508
2026-04-26 18:57:38.467,11565,10724,10.724,-44703
2026-04-26 18:57:38.561,11570,29315,29.315,193
2026-04-26 18:57:38.800,12032,45700,45.700,19869
2026-04-26 18:57:38.822,12033,44704,44.704,-3912
2026-04-26 18:57:38.923,12038,29405,29.405,189
2026-04-26 18:57:38.981,11638,26732,26.732,188
2026-04-26 18:57:39.201,11564,18577,18.577,-29771
2026-04-26 18:57:39.221,11565,11351,11.351,627
2026-04-26 18:57:39.323,11570,29502,29.502,187
2026-04-26 18:57:39.573,12032,26640,26.640,-19060
2026-04-26 18:57:39.602,12033,6861,6.861,-37843
2026-04-26 18:57:39.703,12038,29596,29.596,191
2026-04-26 18:57:39.766,11638,26924,26.924,192
2026-04-26 18:57:39.983,11564,22768,22.768,4191
2026-04-26 18:57:40.004,11565,37586,37.586,26235
2026-04-26 18:57:40.101,11570,29693,29.693,191
2026-04-26 18:57:40.365,12033,1649,1.649,-5212
2026-04-26 18:57:40.465,12038,29782,29.782,186
2026-04-26 18:57:40.564,11638,27120,27.120,196
2026-04-26 18:57:40.809,11565,23714,23.714,-13872
2026-04-26 18:57:40.903,11570,29889,29.889,196
2026-04-26 18:57:41.162,12033,61375,61.375,59726
2026-04-26 18:57:41.182,12034,11178,11.178,-54058
2026-04-26 18:57:41.273,12038,29981,29.981,199
2026-04-26 18:57:41.333,11638,27309,27.309,189
2026-04-26 18:57:41.563,11564,25293,25.293,2525
2026-04-26 18:57:41.597,11565,20842,20.842,-2872
2026-04-26 18:57:41.611,11566,5208,5.208,-27236
2026-04-26 18:57:41.702,11570,30085,30.085,196
2026-04-26 18:57:41.955,12032,28568,28.568,1928
2026-04-26 18:57:41.973,12033,40632,40.632,-20743
2026-04-26 18:57:42.007,12034,36966,36.966,25788
2026-04-26 18:57:42.114,12038,30187,30.187,206
2026-04-26 18:57:42.185,11638,27517,27.517,208
2026-04-26 18:57:42.412,11564,24696,24.696,-597
2026-04-26 18:57:42.431,11565,7776,7.776,-13066
2026-04-26 18:57:42.452,11566,50130,50.130,44922
2026-04-26 18:57:42.532,11570,30289,30.289,204
2026-04-26 18:57:42.804,12033,53408,53.408,12776
2026-04-26 18:57:42.827,12034,13117,13.117,-23849
2026-04-26 18:57:42.904,12038,30381,30.381,194
2026-04-26 18:57:42.961,11638,27708,27.708,191
2026-04-26 18:57:43.201,11565,31816,31.816,24040
2026-04-26 18:57:43.224,11566,41353,41.353,-8777
2026-04-26 18:57:43.303,11570,30478,30.478,189
2026-04-26 18:57:43.584,12033,12264,12.264,-41144
2026-04-26 18:57:43.603,12034,4239,4.239,-8878
2026-04-26 18:57:43.682,12038,30572,30.572,191
2026-04-26 18:57:43.748,11638,27901,27.901,193
2026-04-26 18:57:43.992,11565,56312,56.312,24496
2026-04-26 18:57:44.014,11566,32549,32.549,-8804
2026-04-26 18:57:44.091,11570,30671,30.671,193
2026-04-26 18:57:44.351,12033,45915,45.915,33651
2026-04-26 18:57:44.370,12034,65236,65.236,60997
2026-04-26 18:57:44.464,12038,30763,30.763,191
2026-04-26 18:57:44.524,11638,28091,28.091,190
2026-04-26 18:57:44.765,11565,10975,10.975,-45337
2026-04-26 18:57:44.783,11566,32444,32.444,-105
2026-04-26 18:57:44.865,11570,30860,30.860,189
2026-04-26 18:57:45.103,12032,26668,26.668,-1900
2026-04-26 18:57:45.122,12033,5984,5.984,-39931
2026-04-26 18:57:45.223,12038,30950,30.950,187
2026-04-26 18:57:45.284,11638,28277,28.277,186
2026-04-26 18:57:45.502,11564,53514,53.514,28818
2026-04-26 18:57:45.523,11565,38580,38.580,27605
2026-04-26 18:57:45.623,11570,31047,31.047,187
2026-04-26 18:57:45.865,12032,62151,62.151,35483
2026-04-26 18:57:45.892,12033,7024,7.024,1040
2026-04-26 18:57:46.003,12038,31141,31.141,191
2026-04-26 18:57:46.065,11638,28469,28.469,192
2026-04-26 18:57:46.283,11564,24658,24.658,-28856
2026-04-26 18:57:46.302,11565,35068,35.068,-3512
2026-04-26 18:57:46.402,11570,31238,31.238,191
2026-04-26 18:57:46.643,12032,27640,27.640,-34511
2026-04-26 18:57:46.672,12033,32454,32.454,25430
2026-04-26 18:57:46.773,12038,31330,31.330,189
2026-04-26 18:57:46.832,11638,28657,28.657,188
2026-04-26 18:57:47.065,11564,23768,23.768,-890
2026-04-26 18:57:47.082,11565,61628,61.628,26560
2026-04-26 18:57:47.193,11570,31432,31.432,194
2026-04-26 18:57:47.452,12033,33773,33.773,1319
2026-04-26 18:57:47.552,12038,31521,31.521,191
2026-04-26 18:57:47.613,11638,28849,28.849,192
2026-04-26 18:57:47.854,11565,64274,64.274,2646
2026-04-26 18:57:47.976,11570,31623,31.623,191
2026-04-26 18:57:48.232,12033,35710,35.710,1937
2026-04-26 18:57:48.343,12038,31715,31.715,194
2026-04-26 18:57:48.412,11638,29045,29.045,196
2026-04-26 18:57:48.665,11564,29189,29.189,5421
2026-04-26 18:57:48.683,11565,40260,40.260,-24014
2026-04-26 18:57:48.784,11570,31822,31.822,199
2026-04-26 18:57:49.022,12032,7538,7.538,-20102
2026-04-26 18:57:49.045,12033,8704,8.704,-27006
2026-04-26 18:57:49.142,12038,31911,31.911,196
2026-04-26 18:57:49.203,11638,29239,29.239,194
2026-04-26 18:57:49.423,11564,2106,2.106,-27083
2026-04-26 18:57:49.543,11570,32008,32.008,186
2026-04-26 18:57:49.782,12032,28294,28.294,20756
2026-04-26 18:57:49.803,12033,13824,13.824,5120
2026-04-26 18:57:49.903,12038,32097,32.097,186
2026-04-26 18:57:49.966,11638,29425,29.425,186
2026-04-26 18:57:50.182,11564,24696,24.696,22590
2026-04-26 18:57:50.202,11565,24314,24.314,-15946
2026-04-26 18:57:50.303,11570,32194,32.194,186
2026-04-26 18:57:50.543,12032,28568,28.568,274
2026-04-26 18:57:50.566,12033,53233,53.233,39409
2026-04-26 18:57:50.665,12038,32284,32.284,187
2026-04-26 18:57:50.733,11638,29614,29.614,189
2026-04-26 18:57:50.973,11565,21607,21.607,-2707
2026-04-26 18:57:51.073,11570,32383,32.383,189
2026-04-26 18:57:51.342,12033,24705,24.705,-28528
2026-04-26 18:57:51.442,12038,32475,32.475,191
2026-04-26 18:57:51.504,11638,29803,29.803,189
2026-04-26 18:57:51.742,11565,56931,56.931,35324
2026-04-26 18:57:51.765,11566,58725,58.725,26281
2026-04-26 18:57:51.843,11570,32572,32.572,189
2026-04-26 18:57:52.082,12032,27458,27.458,-1110
2026-04-26 18:57:52.103,12033,63411,63.411,38706
2026-04-26 18:57:52.123,12034,38000,38.000,-27236
2026-04-26 18:57:52.203,12038,32661,32.661,186
2026-04-26 18:57:52.265,11638,29989,29.989,186
2026-04-26 18:57:52.483,11564,6262,6.262,-18434
2026-04-26 18:57:52.505,11565,37046,37.046,-19885
2026-04-26 18:57:52.523,11566,5208,5.208,-53517
2026-04-26 18:57:52.603,11570,32758,32.758,186
2026-04-26 18:57:52.867,12032,59125,59.125,31667
2026-04-26 18:57:52.882,12033,50521,50.521,-12890
2026-04-26 18:57:52.993,12038,32855,32.855,194
2026-04-26 18:57:53.065,11638,30185,30.185,196
2026-04-26 18:57:53.283,11564,54232,54.232,47970
2026-04-26 18:57:53.302,11565,4476,4.476,-32570
2026-04-26 18:57:53.322,11566,51064,51.064,45856
2026-04-26 18:57:53.404,11570,32955,32.955,197
2026-04-26 18:57:53.642,12032,58104,58.104,-1021
2026-04-26 18:57:53.665,12033,45486,45.486,-5035
2026-04-26 18:57:53.682,12034,15208,15.208,-22792
2026-04-26 18:57:53.768,12038,33044,33.044,189
2026-04-26 18:57:53.826,11638,30372,30.372,187
2026-04-26 18:57:54.065,11565,23893,23.893,19417
2026-04-26 18:57:54.082,11566,43445,43.445,-7619
2026-04-26 18:57:54.165,11570,33141,33.141,186
2026-04-26 18:57:54.424,12033,3830,3.830,-41656
2026-04-26 18:57:54.446,12034,6517,6.517,-8691
2026-04-26 18:57:54.522,12038,33230,33.230,186
2026-04-26 18:57:54.584,11638,30558,30.558,186
2026-04-26 18:57:54.824,11565,47774,47.774,23881
2026-04-26 18:57:54.843,11566,34753,34.753,-8692
2026-04-26 18:57:54.922,11570,33327,33.327,186
2026-04-26 18:57:55.182,12033,25726,25.726,21896
2026-04-26 18:57:55.204,12034,65236,65.236,58719
2026-04-26 18:57:55.284,12038,33417,33.417,187
2026-04-26 18:57:55.342,11638,30744,30.744,186
2026-04-26 18:57:55.593,11565,40198,40.198,-7576
2026-04-26 18:57:55.614,11566,32444,32.444,-2309
2026-04-26 18:57:55.693,11570,33516,33.516,189
2026-04-26 18:57:55.954,12033,3581,3.581,-22145
2026-04-26 18:57:56.052,12038,33605,33.605,188
2026-04-26 18:57:56.113,11638,30933,30.933,189
2026-04-26 18:57:56.365,11565,36872,36.872,-3326
2026-04-26 18:57:56.465,11570,33705,33.705,189
2026-04-26 18:57:56.726,12033,935,0.935,-2646
2026-04-26 18:57:56.822,12038,33794,33.794,189
2026-04-26 18:57:56.882,11638,31122,31.122,189
2026-04-26 18:57:57.123,11565,32866,32.866,-4006
2026-04-26 18:57:57.222,11570,33891,33.891,186
2026-04-26 18:57:57.494,12033,57619,57.619,56684
2026-04-26 18:57:57.598,12038,33983,33.983,189
2026-04-26 18:57:57.665,11638,31313,31.313,191
2026-04-26 18:57:57.883,11564,45765,45.765,-8467
2026-04-26 18:57:57.903,11565,39260,39.260,6394
2026-04-26 18:57:58.004,11570,34083,34.083,192
2026-04-26 18:57:58.247,12032,2488,2.488,-55616
2026-04-26 18:57:58.265,12033,7704,7.704,-49915
2026-04-26 18:57:58.367,12038,34172,34.172,189
2026-04-26 18:57:58.424,11638,31500,31.500,187
2026-04-26 18:57:58.645,11564,14815,14.815,-30950
2026-04-26 18:57:58.665,11565,39259,39.259,-1
2026-04-26 18:57:58.765,11570,34269,34.269,186
2026-04-26 18:57:59.005,12032,11640,11.640,9152
2026-04-26 18:57:59.023,12033,55124,55.124,47420
2026-04-26 18:57:59.122,12038,34358,34.358,186
2026-04-26 18:57:59.182,11638,31686,31.686,186
2026-04-26 18:57:59.414,11564,7768,7.768,-7047
2026-04-26 18:57:59.433,11565,24060,24.060,-15199
2026-04-26 18:57:59.545,11570,34460,34.460,191
2026-04-26 18:57:59.826,12033,59024,59.024,3900
2026-04-26 18:57:59.933,12038,34557,34.557,199
2026-04-26 18:57:59.996,11638,31885,31.885,199
2026-04-26 18:58:00.249,11565,19912,19.912,-4148
2026-04-26 18:58:00.344,11570,34657,34.657,197
2026-04-26 18:58:00.605,12033,58952,58.952,-72
2026-04-26 18:58:00.715,12038,34748,34.748,191
2026-04-26 18:58:00.773,11638,32076,32.076,191
2026-04-26 18:58:01.016,11565,22558,22.558,2646
2026-04-26 18:58:01.114,11570,34845,34.845,188
2026-04-26 18:58:01.384,12033,59560,59.560,608
2026-04-26 18:58:01.504,12038,34942,34.942,194
2026-04-26 18:58:01.568,11638,32270,32.270,194
2026-04-26 18:58:01.812,11565,20448,20.448,-2110
2026-04-26 18:58:01.914,11570,35042,35.042,197
2026-04-26 18:58:02.184,12033,57450,57.450,-2110
2026-04-26 18:58:02.283,12038,35133,35.133,191
2026-04-26 18:58:02.343,11638,32461,32.461,191
2026-04-26 18:58:02.583,11565,23095,23.095,2647
2026-04-26 18:58:02.683,11570,35230,35.230,188
2026-04-26 18:58:02.965,12033,58738,58.738,1288
2026-04-26 18:58:03.065,12038,35325,35.325,192
2026-04-26 18:58:03.124,11638,32652,32.652,191
2026-04-26 18:58:03.376,11565,22344,22.344,-751
2026-04-26 18:58:03.487,11570,35427,35.427,197
2026-04-26 18:58:03.754,12033,57987,57.987,-751
2026-04-26 18:58:03.854,12038,35518,35.518,193
2026-04-26 18:58:03.913,11638,32846,32.846,194
2026-04-26 18:58:04.145,11565,42265,42.265,19921
2026-04-26 18:58:04.243,11570,35613,35.613,186
2026-04-26 18:58:04.483,12032,26099,26.099,14459
2026-04-26 18:58:04.504,12033,3672,3.672,-54315
2026-04-26 18:58:04.604,12038,35702,35.702,184
2026-04-26 18:58:04.665,11638,33030,33.030,184
2026-04-26 18:58:04.883,11564,15444,15.444,7676
2026-04-26 18:58:04.904,11565,35228,35.228,-7037
2026-04-26 18:58:05.004,11570,35799,35.799,186
2026-04-26 18:58:05.243,12032,54502,54.502,28403
2026-04-26 18:58:05.265,12033,4608,4.608,936
2026-04-26 18:58:05.367,12038,35889,35.889,187
2026-04-26 18:58:05.424,11638,33216,33.216,186
2026-04-26 18:58:05.665,11564,54232,54.232,38788
2026-04-26 18:58:05.695,11565,6385,6.385,-28843
2026-04-26 18:58:05.793,11570,35993,35.993,194
2026-04-26 18:58:06.049,12032,58104,58.104,3602
2026-04-26 18:58:06.084,12033,39252,39.252,34644
2026-04-26 18:58:06.184,12038,36090,36.090,201
2026-04-26 18:58:06.244,11638,33417,33.417,201
2026-04-26 18:58:06.483,11565,6327,6.327,-58
2026-04-26 18:58:06.586,11570,36187,36.187,194
2026-04-26 18:58:06.855,12033,35926,35.926,-3326
2026-04-26 18:58:06.965,12038,36281,36.281,191
2026-04-26 18:58:07.029,11638,33610,33.610,193
2026-04-26 18:58:07.274,11565,7078,7.078,751
2026-04-26 18:58:07.376,11570,36381,36.381,194
2026-04-26 18:58:07.644,12033,38036,38.036,2110
2026-04-26 18:58:07.745,12038,36472,36.472,191
2026-04-26 18:58:07.803,11638,33800,33.800,190
2026-04-26 18:58:08.054,11565,5791,5.791,-1287
2026-04-26 18:58:08.165,11570,36574,36.574,193
2026-04-26 18:58:08.433,12033,20104,20.104,-17932
2026-04-26 18:58:08.533,12038,36666,36.666,194
2026-04-26 18:58:08.594,11638,33994,33.994,194
2026-04-26 18:58:08.835,11565,54755,54.755,48964
2026-04-26 18:58:08.854,11566,49528,49.528,17084
2026-04-26 18:58:08.945,11570,36766,36.766,192
2026-04-26 18:58:09.183,12032,53836,53.836,-4268
2026-04-26 18:58:09.204,12033,19558,19.558,-546
2026-04-26 18:58:09.224,12034,38000,38.000,-27236
2026-04-26 18:58:09.305,12038,36855,36.855,189
2026-04-26 18:58:09.365,11638,34183,34.183,189
2026-04-26 18:58:09.590,11564,6768,6.768,-47464
2026-04-26 18:58:09.604,11565,4476,4.476,-50279
2026-04-26 18:58:09.623,11566,2339,2.339,-47189
2026-04-26 18:58:09.704,11570,36952,36.952,186
2026-04-26 18:58:09.948,12032,10640,10.640,-43196
2026-04-26 18:58:09.973,12033,38684,38.684,19126
2026-04-26 18:58:09.985,12034,17815,17.815,-20185
2026-04-26 18:58:10.074,12038,37044,37.044,189
2026-04-26 18:58:10.133,11638,34371,34.371,188
2026-04-26 18:58:10.384,11565,16997,16.997,12521
2026-04-26 18:58:10.409,11566,45908,45.908,43569
2026-04-26 18:58:10.485,11570,37143,37.143,191
2026-04-26 18:58:10.745,12033,62343,62.343,23659
2026-04-26 18:58:10.765,12034,9073,9.073,-8742
2026-04-26 18:58:10.843,12038,37232,37.232,188
2026-04-26 18:58:10.904,11638,34560,34.560,189
2026-04-26 18:58:11.169,11565,41388,41.388,24391
2026-04-26 18:58:11.184,11566,37077,37.077,-8831
2026-04-26 18:58:11.268,11570,37334,37.334,191
2026-04-26 18:58:11.523,12033,21193,21.193,-41150
2026-04-26 18:58:11.543,12034,212,0.212,-8861
2026-04-26 18:58:11.633,12038,37426,37.426,194
2026-04-26 18:58:11.683,11638,34751,34.751,191
2026-04-26 18:58:11.943,11565,9759,9.759,-31629
2026-04-26 18:58:11.965,11566,32444,32.444,-4633
2026-04-26 18:58:12.044,11570,37526,37.526,192
2026-04-26 18:58:12.314,12033,38540,38.540,17347
2026-04-26 18:58:12.337,12034,65236,65.236,65024
2026-04-26 18:58:12.414,12038,37618,37.618,192
2026-04-26 18:58:12.476,11638,34945,34.945,194
2026-04-26 18:58:12.715,11565,4935,4.935,-4824
2026-04-26 18:58:12.818,11570,37715,37.715,189
2026-04-26 18:58:13.075,12033,33855,33.855,-4685
2026-04-26 18:58:13.174,12038,37804,37.804,186
2026-04-26 18:58:13.236,11638,35132,35.132,187
2026-04-26 18:58:13.475,11565,250,0.250,-4685
2026-04-26 18:58:13.573,11570,37901,37.901,186
2026-04-26 18:58:13.835,12033,29847,29.847,-4008
2026-04-26 18:58:13.934,12038,37990,37.990,186
2026-04-26 18:58:13.994,11638,35318,35.318,186
2026-04-26 18:58:14.214,11564,6515,6.515,-253
2026-04-26 18:58:14.236,11565,35850,35.850,35600
2026-04-26 18:58:14.346,11570,38090,38.090,189
2026-04-26 18:58:14.593,12032,51291,51.291,40651
2026-04-26 18:58:14.614,12033,7704,7.704,-22143
2026-04-26 18:58:14.717,12038,38182,38.182,192
2026-04-26 18:58:14.774,11638,35509,35.509,191
2026-04-26 18:58:14.985,11564,51854,51.854,45339
2026-04-26 18:58:15.006,11565,39260,39.260,3410
2026-04-26 18:58:15.124,11570,38281,38.281,191
2026-04-26 18:58:15.366,12032,30081,30.081,-21210
2026-04-26 18:58:15.385,12033,2879,2.879,-4825
2026-04-26 18:58:15.487,12038,38370,38.370,188
2026-04-26 18:58:15.544,11638,35698,35.698,189
2026-04-26 18:58:15.765,11564,25840,25.840,-26014
2026-04-26 18:58:15.791,11565,55997,55.997,16737
2026-04-26 18:58:15.883,11570,38467,38.467,186
2026-04-26 18:58:16.126,12032,29712,29.712,-369
2026-04-26 18:58:16.143,12033,29501,29.501,26622
2026-04-26 18:58:16.244,12038,38557,38.557,187
2026-04-26 18:58:16.315,11638,35887,35.887,189
2026-04-26 18:58:16.567,11565,57284,57.284,1287
2026-04-26 18:58:16.667,11570,38659,38.659,192
2026-04-26 18:58:16.925,12033,30789,30.789,1288
2026-04-26 18:58:17.032,12038,38748,38.748,191
2026-04-26 18:58:17.084,11638,36076,36.076,189
2026-04-26 18:58:17.314,11565,63328,63.328,6044
2026-04-26 18:58:17.415,11570,38843,38.843,184
2026-04-26 18:58:17.686,12033,34794,34.794,4005
2026-04-26 18:58:17.784,12038,38934,38.934,186
2026-04-26 18:58:17.846,11638,36262,36.262,186
2026-04-26 18:58:18.084,11565,439,0.439,-62889
2026-04-26 18:58:18.186,11570,39031,39.031,188
2026-04-26 18:58:18.444,12033,39479,39.479,4685
2026-04-26 18:58:18.547,12038,39121,39.121,187
2026-04-26 18:58:18.606,11638,36448,36.448,186
2026-04-26 18:58:18.855,11565,3085,3.085,2646
2026-04-26 18:58:18.969,11570,39223,39.223,192
2026-04-26 18:58:19.227,12033,40087,40.087,608
2026-04-26 18:58:19.323,12038,39312,39.312,191
2026-04-26 18:58:19.387,11638,36640,36.640,192
2026-04-26 18:58:19.626,11565,5732,5.732,2647
2026-04-26 18:58:19.724,11570,39409,39.409,186
2026-04-26 18:58:20.007,12033,41375,41.375,1288
2026-04-26 18:58:20.104,12038,39503,39.503,191
2026-04-26 18:58:20.165,11638,36831,36.831,191
2026-04-26 18:58:20.407,11565,7118,7.118,1386
2026-04-26 18:58:20.505,11570,39600,39.600,191
2026-04-26 18:58:20.757,12032,30216,30.216,504
2026-04-26 18:58:20.775,12033,6443,6.443,-34932
2026-04-26 18:58:20.875,12038,39692,39.692,189
2026-04-26 18:58:20.937,11638,37020,37.020,189
2026-04-26 18:58:21.164,11564,55721,55.721,29881
2026-04-26 18:58:21.184,11565,35228,35.228,28110
2026-04-26 18:58:21.287,11570,39792,39.792,192
2026-04-26 18:58:21.539,12032,53284,53.284,23068
2026-04-26 18:58:21.556,12033,3672,3.672,-2771
2026-04-26 18:58:21.656,12038,39883,39.883,191
2026-04-26 18:58:21.715,11638,37211,37.211,191
2026-04-26 18:58:21.945,11564,6768,6.768,-48953
2026-04-26 18:58:21.965,11565,42251,42.251,7023
2026-04-26 18:58:22.065,11570,39983,39.983,191
2026-04-26 18:58:22.304,12032,10640,10.640,-42644
2026-04-26 18:58:22.325,12033,55185,55.185,51513
2026-04-26 18:58:22.427,12038,40072,40.072,189
2026-04-26 18:58:22.484,11638,37400,37.400,189
2026-04-26 18:58:22.725,11565,21580,21.580,-20671
2026-04-26 18:58:22.825,11570,40169,40.169,186
2026-04-26 18:58:23.104,12033,53897,53.897,-1288
2026-04-26 18:58:23.207,12038,40264,40.264,192
2026-04-26 18:58:23.277,11638,37594,37.594,194
2026-04-26 18:58:23.518,11565,22331,22.331,751
2026-04-26 18:58:23.615,11570,40363,40.363,194
2026-04-26 18:58:23.876,12033,51251,51.251,-2646
2026-04-26 18:58:23.974,12038,40452,40.452,188
2026-04-26 18:58:24.035,11638,37780,37.780,186
2026-04-26 18:58:24.274,11565,17646,17.646,-4685
2026-04-26 18:58:24.381,11570,40551,40.551,188
2026-04-26 18:58:24.646,12033,48603,48.603,-2648
2026-04-26 18:58:24.744,12038,40641,40.641,189
2026-04-26 18:58:24.806,11638,37969,37.969,189
2026-04-26 18:58:25.054,11565,54154,54.154,36508
2026-04-26 18:58:25.167,11570,40743,40.743,192
2026-04-26 18:58:25.427,12033,23199,23.199,-25404
2026-04-26 18:58:25.446,12034,24027,24.027,-41209
2026-04-26 18:58:25.526,12038,40833,40.833,192
2026-04-26 18:58:25.585,11638,38160,38.160,191
2026-04-26 18:58:25.816,11564,21631,21.631,14863
2026-04-26 18:58:25.837,11565,16347,16.347,-37807
2026-04-26 18:58:25.858,11566,5208,5.208,-27236
2026-04-26 18:58:25.938,11570,40932,40.932,189
2026-04-26 18:58:26.174,12032,43220,43.220,32580
2026-04-26 18:58:26.211,12033,3314,3.314,-19885
2026-04-26 18:58:26.224,12034,38000,38.000,13973
2026-04-26 18:58:26.306,12038,41024,41.024,191
2026-04-26 18:58:26.367,11638,38352,38.352,192
2026-04-26 18:58:26.586,11564,31130,31.130,9499
2026-04-26 18:58:26.607,11565,37,0.037,-16310
2026-04-26 18:58:26.705,11570,41121,41.121,189
2026-04-26 18:58:26.952,12032,53424,53.424,10204
2026-04-26 18:58:26.967,12033,18888,18.888,15574
2026-04-26 18:58:26.987,12034,36512,36.512,-1488
2026-04-26 18:58:27.064,12038,41210,41.210,186
2026-04-26 18:58:27.126,11638,38538,38.538,186
2026-04-26 18:58:27.346,11564,49552,49.552,18422
2026-04-26 18:58:27.368,11565,50672,50.672,50635
2026-04-26 18:58:27.386,11566,50560,50.560,45352
2026-04-26 18:58:27.476,11570,41310,41.310,189
2026-04-26 18:58:27.754,12033,30643,30.643,11755
2026-04-26 18:58:27.775,12034,13489,13.489,-23023
2026-04-26 18:58:27.866,12038,41406,41.406,196
2026-04-26 18:58:27.926,11638,38734,38.734,196
2026-04-26 18:58:28.165,11565,9433,9.433,-41239
2026-04-26 18:58:28.186,11566,41586,41.586,-8974
2026-04-26 18:58:28.266,11570,41503,41.503,193
2026-04-26 18:58:28.525,12033,54779,54.779,24136
2026-04-26 18:58:28.546,12034,4704,4.704,-8785
2026-04-26 18:58:28.628,12038,41593,41.593,187
2026-04-26 18:58:28.684,11638,38920,38.920,186
2026-04-26 18:58:28.924,11565,33181,33.181,23748
2026-04-26 18:58:28.955,11566,32876,32.876,-8710
2026-04-26 18:58:29.046,11570,41695,41.695,192
2026-04-26 18:58:29.307,12033,20722,20.722,-34057
2026-04-26 18:58:29.327,12034,65236,65.236,60532
2026-04-26 18:58:29.406,12038,41784,41.784,191
2026-04-26 18:58:29.475,11638,39114,39.114,194
2026-04-26 18:58:29.715,11565,50528,50.528,17347
2026-04-26 18:58:29.736,11566,32444,32.444,-432
2026-04-26 18:58:29.817,11570,41884,41.884,189
2026-04-26 18:58:30.097,12033,17309,17.309,-3413
2026-04-26 18:58:30.205,12038,41980,41.980,196
2026-04-26 18:58:30.264,11638,39308,39.308,194
2026-04-26 18:58:30.509,11565,51279,51.279,751
2026-04-26 18:58:30.606,11570,42077,42.077,193
2026-04-26 18:58:30.877,12033,16701,16.701,-608
2026-04-26 18:58:30.976,12038,42169,42.169,189
2026-04-26 18:58:31.037,11638,39497,39.497,189
2026-04-26 18:58:31.297,11564,49392,49.392,-160
2026-04-26 18:58:31.319,11565,30313,30.313,-20966
2026-04-26 18:58:31.447,11570,42282,42.282,205
2026-04-26 18:58:31.697,12032,26917,26.917,-26507
2026-04-26 18:58:31.717,12033,2672,2.672,-14029
2026-04-26 18:58:31.820,12038,42375,42.375,206
2026-04-26 18:58:31.877,11638,39703,39.703,206
2026-04-26 18:58:32.095,11564,24129,24.129,-25263
2026-04-26 18:58:32.116,11565,34228,34.228,3915
2026-04-26 18:58:32.215,11570,42472,42.472,190
2026-04-26 18:58:32.471,12032,31023,31.023,4106
2026-04-26 18:58:32.586,12038,42564,42.564,189
2026-04-26 18:58:32.647,11638,39892,39.892,189
2026-04-26 18:58:32.868,11564,26775,26.775,2646
2026-04-26 18:58:32.987,11570,42661,42.661,189
2026-04-26 18:58:33.226,12032,35708,35.708,4685
2026-04-26 18:58:33.345,12038,42750,42.750,186
2026-04-26 18:58:33.405,11638,40078,40.078,186
2026-04-26 18:58:33.625,11564,31460,31.460,4685
2026-04-26 18:58:33.758,11570,42850,42.850,189
2026-04-26 18:58:34.006,12032,36995,36.995,1287
2026-04-26 18:58:34.127,12038,42942,42.942,192
2026-04-26 18:58:34.187,11638,40269,40.269,191
2026-04-26 18:58:34.416,11564,30709,30.709,-751
2026-04-26 18:58:34.538,11570,43041,43.041,191
2026-04-26 18:58:34.786,12032,44843,44.843,7848
2026-04-26 18:58:34.907,12038,43133,43.133,191
2026-04-26 18:58:34.969,11638,40461,40.461,192
2026-04-26 18:58:35.187,11564,25840,25.840,-4869
2026-04-26 18:58:35.206,11565,23158,23.158,-11070
2026-04-26 18:58:35.305,11570,43230,43.230,189
2026-04-26 18:58:35.547,12032,29712,29.712,-15131
2026-04-26 18:58:35.568,12033,6426,6.426,3754
2026-04-26 18:58:35.670,12038,43319,43.319,186
2026-04-26 18:58:35.726,11638,40647,40.647,186
2026-04-26 18:58:35.968,11565,37607,37.607,14449
2026-04-26 18:58:36.067,11570,43416,43.416,186
2026-04-26 18:58:36.338,12033,9073,9.073,2647
2026-04-26 18:58:36.439,12038,43509,43.509,190
2026-04-26 18:58:36.497,11638,40836,40.836,189
2026-04-26 18:58:36.739,11565,40253,40.253,2646
2026-04-26 18:58:36.836,11570,43605,43.605,189
2026-04-26 18:58:37.097,12033,13758,13.758,4685
2026-04-26 18:58:37.196,12038,43694,43.694,185
2026-04-26 18:58:37.265,11638,41022,41.022,186
2026-04-26 18:58:37.539,11565,38143,38.143,-2110
2026-04-26 18:58:37.657,11570,43806,43.806,201
2026-04-26 18:58:37.917,12033,8250,8.250,-5508
2026-04-26 18:58:38.025,12038,43898,43.898,204
2026-04-26 18:58:38.086,11638,41226,41.226,204
2026-04-26 18:58:38.316,11565,39431,39.431,1288
2026-04-26 18:58:38.426,11570,43995,43.995,189
2026-04-26 18:58:38.686,12033,10897,10.897,2647
2026-04-26 18:58:38.796,12038,44087,44.087,189
2026-04-26 18:58:38.856,11638,41414,41.414,188
2026-04-26 18:58:39.095,11565,40718,40.718,1287
2026-04-26 18:58:39.197,11570,44184,44.184,189
2026-04-26 18:58:39.468,12033,12189,12.189,1292
2026-04-26 18:58:39.571,12038,44276,44.276,189
2026-04-26 18:58:39.627,11638,41603,41.603,189
2026-04-26 18:58:39.846,11564,26158,26.158,318
2026-04-26 18:58:39.868,11565,4339,4.339,-36379
2026-04-26 18:58:39.972,11570,44374,44.374,190
2026-04-26 18:58:40.208,12032,53075,53.075,23363
2026-04-26 18:58:40.226,12033,35104,35.104,22915
2026-04-26 18:58:40.327,12038,44462,44.462,186
2026-04-26 18:58:40.388,11638,41790,41.790,187
2026-04-26 18:58:40.596,11564,45169,45.169,19011
2026-04-26 18:58:40.628,11565,1124,1.124,-3215
2026-04-26 18:58:40.726,11570,44559,44.559,185
2026-04-26 18:58:40.967,12032,46019,46.019,-7056
2026-04-26 18:58:41.086,12038,44648,44.648,186
2026-04-26 18:58:41.145,11638,41976,41.976,186
2026-04-26 18:58:41.368,11564,42522,42.522,-2647
2026-04-26 18:58:41.489,11570,44745,44.745,186
2026-04-26 18:58:41.724,12032,41334,41.334,-4685
2026-04-26 18:58:41.845,12038,44835,44.835,187
2026-04-26 18:58:41.905,11638,42162,42.162,186
2026-04-26 18:58:42.126,11564,37837,37.837,-4685
2026-04-26 18:58:42.246,11570,44932,44.932,187
2026-04-26 18:58:42.487,12032,37328,37.328,-4006
2026-04-26 18:58:42.620,12038,45024,45.024,189
2026-04-26 18:58:42.680,11638,42351,42.351,189
2026-04-26 18:58:42.907,11564,37229,37.229,-608
2026-04-26 18:58:43.029,11570,45123,45.123,191
2026-04-26 18:58:43.277,12032,33626,33.626,-3702
2026-04-26 18:58:43.438,12038,45225,45.225,201
2026-04-26 18:58:43.498,11638,42552,42.552,201
2026-04-26 18:58:43.727,11564,49552,49.552,12323
2026-04-26 18:58:43.747,11565,12838,12.838,11714
2026-04-26 18:58:43.846,11570,45324,45.324,201
2026-04-26 18:58:44.087,12032,53424,53.424,19798
2026-04-26 18:58:44.110,12033,32034,32.034,-3070
2026-04-26 18:58:44.205,12038,45413,45.413,188
2026-04-26 18:58:44.268,11638,42741,42.741,189
2026-04-26 18:58:44.507,11565,63966,63.966,51128
2026-04-26 18:58:44.608,11570,45511,45.511,187
2026-04-26 18:58:44.877,12033,29388,29.388,-2646
2026-04-26 18:58:44.987,12038,45605,45.605,192
2026-04-26 18:58:45.047,11638,42932,42.932,191
2026-04-26 18:58:45.286,11565,62678,62.678,-1288
2026-04-26 18:58:45.388,11570,45702,45.702,191
2026-04-26 18:58:45.649,12033,26741,26.741,-2647
2026-04-26 18:58:45.746,12038,45791,45.791,186
2026-04-26 18:58:45.807,11638,43119,43.119,187
2026-04-26 18:58:46.051,11565,58673,58.673,-4005
2026-04-26 18:58:46.146,11570,45888,45.888,186
2026-04-26 18:58:46.405,12033,1469,1.469,-25272
2026-04-26 18:58:46.508,12038,45978,45.978,187
2026-04-26 18:58:46.582,11638,43305,43.305,186
2026-04-26 18:58:46.838,11565,35187,35.187,-23486
2026-04-26 18:58:46.869,11566,57767,57.767,25323
2026-04-26 18:58:46.949,11570,46084,46.084,196
2026-04-26 18:58:47.197,12032,47922,47.922,-5502
2026-04-26 18:58:47.217,12033,31130,31.130,29661
2026-04-26 18:58:47.238,12034,38000,38.000,-27236
2026-04-26 18:58:47.317,12038,46176,46.176,198
2026-04-26 18:58:47.377,11638,43504,43.504,199
2026-04-26 18:58:47.626,11564,16429,16.429,-33123
2026-04-26 18:58:47.646,11565,15696,15.696,-19491
2026-04-26 18:58:47.669,11566,5208,5.208,-52559
2026-04-26 18:58:47.747,11570,46281,46.281,197
2026-04-26 18:58:48.019,12032,55673,55.673,7751
2026-04-26 18:58:48.042,12033,58994,58.994,27864
2026-04-26 18:58:48.137,12038,46377,46.377,201
2026-04-26 18:58:48.196,11638,43705,43.705,201
2026-04-26 18:58:48.416,11564,36160,36.160,19731
2026-04-26 18:58:48.436,11565,4476,4.476,-11220
2026-04-26 18:58:48.456,11566,56159,56.159,50951
2026-04-26 18:58:48.538,11570,46474,46.474,193
2026-04-26 18:58:48.775,12032,40032,40.032,-15641
2026-04-26 18:58:48.796,12033,42165,42.165,-16829
2026-04-26 18:58:48.816,12034,16417,16.417,-21583
2026-04-26 18:58:48.899,12038,46564,46.564,187
2026-04-26 18:58:48.956,11638,43891,43.891,186
2026-04-26 18:58:49.196,11565,20573,20.573,16097
2026-04-26 18:58:49.217,11566,44653,44.653,-11506
2026-04-26 18:58:49.299,11570,46661,46.661,187
2026-04-26 18:58:49.571,12033,893,0.893,-41272
2026-04-26 18:58:49.588,12034,7632,7.632,-8785
2026-04-26 18:58:49.670,12038,46752,46.752,188
2026-04-26 18:58:49.726,11638,44080,44.080,189
2026-04-26 18:58:49.968,11565,44709,44.709,24136
2026-04-26 18:58:49.988,11566,35868,35.868,-8785
2026-04-26 18:58:50.069,11570,46850,46.850,189
2026-04-26 18:58:50.326,12033,23276,23.276,22383
2026-04-26 18:58:50.346,12034,65236,65.236,57604
2026-04-26 18:58:50.430,12038,46939,46.939,187
2026-04-26 18:58:50.488,11638,44267,44.267,187
2026-04-26 18:58:50.726,11565,22007,22.007,-22702
2026-04-26 18:58:50.747,11566,32444,32.444,-3424
2026-04-26 18:58:50.828,11570,47036,47.036,186
2026-04-26 18:58:51.087,12033,51450,51.450,28174
2026-04-26 18:58:51.198,12038,47128,47.128,189
2026-04-26 18:58:51.258,11638,44455,44.455,188
2026-04-26 18:58:51.496,11565,19205,19.205,-2802
2026-04-26 18:58:51.606,11570,47227,47.227,191
2026-04-26 18:58:51.869,12033,50163,50.163,-1287
2026-04-26 18:58:51.977,12038,47319,47.319,191
2026-04-26 18:58:52.041,11638,44647,44.647,192
2026-04-26 18:58:52.279,11565,18597,18.597,-608
2026-04-26 18:58:52.378,11570,47416,47.416,189
2026-04-26 18:58:52.647,12033,47291,47.291,-2872
2026-04-26 18:58:52.747,12038,47508,47.508,189
2026-04-26 18:58:52.808,11638,44836,44.836,189
2026-04-26 18:58:53.028,11564,32557,32.557,-3603
2026-04-26 18:58:53.050,11565,39064,39.064,20467
2026-04-26 18:58:53.148,11570,47605,47.605,189
2026-04-26 18:58:53.388,12032,680,0.680,-39352
2026-04-26 18:58:53.413,12033,7704,7.704,-39587
2026-04-26 18:58:53.506,12038,47694,47.694,186
2026-04-26 18:58:53.568,11638,45022,45.022,186
2026-04-26 18:58:53.799,11564,3090,3.090,-29467
2026-04-26 18:58:53.818,11565,39260,39.260,196
2026-04-26 18:58:53.918,11570,47794,47.794,189
2026-04-26 18:58:54.158,12032,59104,59.104,58424
2026-04-26 18:58:54.177,12033,63151,63.151,55447
2026-04-26 18:58:54.277,12038,47883,47.883,189
2026-04-26 18:58:54.338,11638,45211,45.211,189
2026-04-26 18:58:54.567,11564,55232,55.232,52142
2026-04-26 18:58:54.582,11565,39689,39.689,429
2026-04-26 18:58:54.679,11570,47980,47.980,186
2026-04-26 18:58:54.938,12033,13193,13.193,-49958
2026-04-26 18:58:55.037,12038,48069,48.069,186
2026-04-26 18:58:55.098,11638,45397,45.397,186
2026-04-26 18:58:55.337,11565,44374,44.374,4685
2026-04-26 18:58:55.437,11570,48166,48.166,186
2026-04-26 18:58:55.958,12033,41285,41.285,28092
2026-04-26 18:58:56.068,12038,48322,48.322,253
2026-04-26 18:58:56.128,11638,45650,45.650,253
2026-04-26 18:58:56.399,11565,64312,64.312,19938
2026-04-26 18:58:56.497,11570,48426,48.426,260
2026-04-26 18:58:56.769,12033,35778,35.778,-5507
2026-04-26 18:58:56.871,12038,48518,48.518,196
2026-04-26 18:58:56.927,11638,45846,45.846,196
2026-04-26 18:58:57.168,11565,1422,1.422,-62890
2026-04-26 18:58:57.271,11570,48615,48.615,189
2026-04-26 18:58:57.527,12033,40463,40.463,4685
2026-04-26 18:58:57.629,12038,48705,48.705,187
2026-04-26 18:58:57.693,11638,46033,46.033,187
2026-04-26 18:58:57.939,11565,4069,4.069,2647
2026-04-26 18:58:58.038,11570,48804,48.804,189
2026-04-26 18:58:58.307,12033,41750,41.750,1287
2026-04-26 18:58:58.412,12038,48897,48.897,192
2026-04-26 18:58:58.478,11638,46226,46.226,193
2026-04-26 18:58:58.719,11565,5356,5.356,1287
2026-04-26 18:58:58.816,11570,48995,48.995,191
2026-04-26 18:58:59.099,12033,41098,41.098,-652
2026-04-26 18:58:59.201,12038,49090,49.090,193
2026-04-26 18:58:59.258,11638,46417,46.417,191
2026-04-26 18:58:59.477,11564,56174,56.174,942
2026-04-26 18:58:59.497,11565,37257,37.257,31901
2026-04-26 18:58:59.619,11570,49188,49.188,193
2026-04-26 18:58:59.889,12032,28343,28.343,-30761
2026-04-26 18:58:59.910,12033,3672,3.672,-37426
2026-04-26 18:59:00.012,12038,49289,49.289,199
2026-04-26 18:59:00.067,11638,46616,46.616,199
2026-04-26 18:59:00.290,11564,19256,19.256,-36918
2026-04-26 18:59:00.308,11565,35228,35.228,-2029
2026-04-26 18:59:00.409,11570,49385,49.385,197
2026-04-26 18:59:00.650,12032,40032,40.032,11689
2026-04-26 18:59:00.669,12033,11378,11.378,7706
2026-04-26 18:59:00.769,12038,49475,49.475,186
2026-04-26 18:59:00.827,11638,46802,46.802,186
2026-04-26 18:59:01.047,11564,36160,36.160,16904
2026-04-26 18:59:01.068,11565,28000,28.000,-7228
2026-04-26 18:59:01.170,11570,49572,49.572,187
2026-04-26 18:59:01.439,12033,58958,58.958,47580
2026-04-26 18:59:01.538,12038,49663,49.663,188
2026-04-26 18:59:01.598,11638,46991,46.991,189
2026-04-26 18:59:01.843,11565,26033,26.033,-1967
2026-04-26 18:59:01.939,11570,49761,49.761,189
2026-04-26 18:59:02.197,12033,54273,54.273,-4685
2026-04-26 18:59:02.298,12038,49850,49.850,187
2026-04-26 18:59:02.366,11638,47178,47.178,187
2026-04-26 18:59:02.597,11565,20668,20.668,-5365
2026-04-26 18:59:02.698,11570,49947,49.947,186
2026-04-26 18:59:02.961,12033,50267,50.267,-4006
2026-04-26 18:59:03.062,12038,50036,50.036,186
2026-04-26 18:59:03.118,11638,47364,47.364,186
2026-04-26 18:59:03.358,11565,16650,16.650,-4018
2026-04-26 18:59:03.703,11570,50193,50.193,246
2026-04-26 18:59:03.967,12033,23199,23.199,-27068
2026-04-26 18:59:03.989,12034,5650,5.650,-59586
2026-04-26 18:59:04.069,12038,50284,50.284,248
2026-04-26 18:59:04.133,11638,47612,47.612,248
2026-04-26 18:59:04.374,11565,54755,54.755,38105
2026-04-26 18:59:04.414,11566,5208,5.208,-27236
2026-04-26 18:59:04.510,11570,50391,50.391,198
2026-04-26 18:59:04.749,12032,1772,1.772,-38260
2026-04-26 18:59:04.772,12033,57370,57.370,34171
2026-04-26 18:59:04.787,12034,38000,38.000,32350
2026-04-26 18:59:04.867,12038,50480,50.480,196
2026-04-26 18:59:04.928,11638,47808,47.808,196
2026-04-26 18:59:05.162,11564,46121,46.121,9961
2026-04-26 18:59:05.181,11565,46619,46.619,-8136
2026-04-26 18:59:05.287,11570,50582,50.582,191
2026-04-26 18:59:05.528,12032,29268,29.268,27496
2026-04-26 18:59:05.549,12033,64452,64.452,7082
2026-04-26 18:59:05.647,12038,50671,50.671,191
2026-04-26 18:59:05.707,11638,47999,47.999,191
2026-04-26 18:59:05.948,11564,9543,9.543,-36578
2026-04-26 18:59:05.970,11565,42488,42.488,-4131
2026-04-26 18:59:06.068,11570,50773,50.773,191
2026-04-26 18:59:06.308,12032,50434,50.434,21166
2026-04-26 18:59:06.327,12033,743,0.743,-63709
2026-04-26 18:59:06.429,12038,50863,50.863,192
2026-04-26 18:59:06.488,11638,48190,48.190,191
2026-04-26 18:59:06.742,11564,49552,49.552,40009
2026-04-26 18:59:06.761,11565,16340,16.340,-26148
2026-04-26 18:59:06.778,11566,51235,51.235,46027
2026-04-26 18:59:06.858,11570,50967,50.967,194
2026-04-26 18:59:07.118,12032,53424,53.424,2990
2026-04-26 18:59:07.141,12033,57860,57.860,57117
2026-04-26 18:59:07.159,12034,15022,15.022,-22978
2026-04-26 18:59:07.240,12038,51061,51.061,198
2026-04-26 18:59:07.298,11638,48389,48.389,199
2026-04-26 18:59:07.540,11565,36268,36.268,19928
2026-04-26 18:59:07.560,11566,43259,43.259,-7976
2026-04-26 18:59:07.638,11570,51158,51.158,191
2026-04-26 18:59:07.920,12033,16716,16.716,-41144
2026-04-26 18:59:07.940,12034,6145,6.145,-8877
2026-04-26 18:59:08.022,12038,51253,51.253,192
2026-04-26 18:59:08.078,11638,48580,48.580,191
2026-04-26 18:59:08.318,11565,60659,60.659,24391
2026-04-26 18:59:08.338,11566,34381,34.381,-8878
2026-04-26 18:59:08.419,11570,51350,51.350,192
2026-04-26 18:59:08.688,12033,39934,39.934,23218
2026-04-26 18:59:08.708,12034,65236,65.236,59091
2026-04-26 18:59:08.799,12038,51444,51.444,191
2026-04-26 18:59:08.859,11638,48772,48.772,192
2026-04-26 18:59:09.110,11565,60895,60.895,236
2026-04-26 18:59:09.129,11566,32444,32.444,-1937
2026-04-26 18:59:09.209,11570,51543,51.543,193
2026-04-26 18:59:09.479,12033,26317,26.317,-13617
2026-04-26 18:59:09.580,12038,51635,51.635,191
2026-04-26 18:59:09.649,11638,48965,48.965,193
2026-04-26 18:59:09.888,11565,59608,59.608,-1287
2026-04-26 18:59:09.989,11570,51735,51.735,192
2026-04-26 18:59:10.248,12033,22991,22.991,-3326
2026-04-26 18:59:10.351,12038,51824,51.824,189
2026-04-26 18:59:10.409,11638,49152,49.152,187
2026-04-26 18:59:10.651,11565,49660,49.660,-9948
2026-04-26 18:59:10.748,11570,51921,51.921,186
2026-04-26 18:59:10.988,12032,47415,47.415,-6009
2026-04-26 18:59:11.008,12033,34104,34.104,11113
2026-04-26 18:59:11.119,12038,52013,52.013,189
2026-04-26 18:59:11.179,11638,49340,49.340,188
2026-04-26 18:59:11.399,11564,60822,60.822,11270
2026-04-26 18:59:11.418,11565,124,0.124,-49536
2026-04-26 18:59:11.519,11570,52110,52.110,189
2026-04-26 18:59:11.761,12032,3539,3.539,-43876
2026-04-26 18:59:11.878,12038,52199,52.199,186
2026-04-26 18:59:11.940,11638,49527,49.527,187
2026-04-26 18:59:12.158,11564,64827,64.827,4005
2026-04-26 18:59:12.278,11570,52296,52.296,186
2026-04-26 18:59:12.518,12032,8224,8.224,4685
2026-04-26 18:59:12.640,12038,52386,52.386,187
2026-04-26 18:59:12.699,11638,49713,49.713,186
2026-04-26 18:59:12.929,11564,1938,1.938,-62889
2026-04-26 18:59:13.049,11570,52485,52.485,189
2026-04-26 18:59:13.289,12032,10870,10.870,2646
2026-04-26 18:59:13.408,12038,52574,52.574,188
2026-04-26 18:59:13.468,11638,49902,49.902,189
2026-04-26 18:59:13.699,11564,5264,5.264,3326
2026-04-26 18:59:13.819,11570,52674,52.674,189
2026-04-26 18:59:14.070,12032,12158,12.158,1288
2026-04-26 18:59:14.198,12038,52768,52.768,194
2026-04-26 18:59:14.260,11638,50096,50.096,194
2026-04-26 18:59:14.526,11564,28252,28.252,22988
2026-04-26 18:59:14.562,11565,63295,63.295,63171
2026-04-26 18:59:14.659,11570,52880,52.880,206
2026-04-26 18:59:14.900,12032,29712,29.712,17554
2026-04-26 18:59:14.921,12033,65433,65.433,31329
2026-04-26 18:59:15.018,12038,52969,52.969,201
2026-04-26 18:59:15.081,11638,50297,50.297,201
2026-04-26 18:59:15.299,11564,25840,25.840,-2412
2026-04-26 18:59:15.319,11565,31362,31.362,-31933
2026-04-26 18:59:15.429,11570,53069,53.069,189
2026-04-26 18:59:15.698,12033,1469,1.469,-63964
2026-04-26 18:59:15.808,12038,53163,53.163,194
2026-04-26 18:59:15.870,11638,50491,50.491,194
2026-04-26 18:59:16.111,11565,30611,30.611,-751
2026-04-26 18:59:16.219,11570,53262,53.262,193
2026-04-26 18:59:16.478,12033,2757,2.757,1288
2026-04-26 18:59:16.579,12038,53352,53.352,189
2026-04-26 18:59:16.641,11638,50679,50.679,188
2026-04-26 18:59:16.879,11565,33937,33.937,3326
2026-04-26 18:59:16.982,11570,53449,53.449,187
2026-04-26 18:59:17.248,12033,5403,5.403,2646
2026-04-26 18:59:17.350,12038,53541,53.541,189
2026-04-26 18:59:17.408,11638,50868,50.868,189
2026-04-26 18:59:17.660,11565,34545,34.545,608
2026-04-26 18:59:17.758,11570,53640,53.640,191
2026-04-26 18:59:18.019,12033,8050,8.050,2647
2026-04-26 18:59:18.135,12038,53733,53.733,192
2026-04-26 18:59:18.192,11638,51060,51.060,192
2026-04-26 18:59:18.440,11565,35833,35.833,1288
2026-04-26 18:59:18.542,11570,53831,53.831,191
2026-04-26 18:59:18.800,12033,9337,9.337,1287
2026-04-26 18:59:18.899,12038,53921,53.921,188
2026-04-26 18:59:18.958,11638,51248,51.248,188
2026-04-26 18:59:19.199,11565,47340,47.340,11507
2026-04-26 18:59:19.300,11570,54018,54.018,187
2026-04-26 18:59:19.541,12032,36573,36.573,6861
2026-04-26 18:59:19.560,12033,1000,1.000,-8337
2026-04-26 18:59:19.659,12038,54107,54.107,186
2026-04-26 18:59:19.719,11638,51435,51.435,187
2026-04-26 18:59:19.940,11564,15950,15.950,-9890
2026-04-26 18:59:19.960,11565,32556,32.556,-14784
2026-04-26 18:59:20.060,11570,54204,54.204,186
2026-04-26 18:59:20.318,12032,18159,18.159,-18414
2026-04-26 18:59:20.464,12038,54304,54.304,197
2026-04-26 18:59:20.519,11638,51631,51.631,196
2026-04-26 18:59:20.739,11564,18060,18.060,2110
2026-04-26 18:59:20.859,11570,54400,54.400,196
2026-04-26 18:59:21.098,12032,16872,16.872,-1287
2026-04-26 18:59:21.240,12038,54495,54.495,191
2026-04-26 18:59:21.301,11638,51822,51.822,191
2026-04-26 18:59:21.519,11564,16773,16.773,-1287
2026-04-26 18:59:21.657,11570,54592,54.592,192
2026-04-26 18:59:21.910,12032,21020,21.020,4148
2026-04-26 18:59:22.030,12038,54688,54.688,193
2026-04-26 18:59:22.088,11638,52016,52.016,194
2026-04-26 18:59:22.309,11564,17524,17.524,751
2026-04-26 18:59:22.428,11570,54785,54.785,193
2026-04-26 18:59:22.701,12032,21299,21.299,279
2026-04-26 18:59:22.820,12038,54882,54.882,194
2026-04-26 18:59:22.879,11638,52210,52.210,194
2026-04-26 18:59:23.100,11564,48544,48.544,31020
2026-04-26 18:59:23.121,11565,36039,36.039,3483
2026-04-26 18:59:23.220,11570,54979,54.979,194
2026-04-26 18:59:23.458,12032,53424,53.424,32125
2026-04-26 18:59:23.479,12033,39084,39.084,38084
2026-04-26 18:59:23.581,12038,55068,55.068,186
2026-04-26 18:59:23.638,11638,52396,52.396,186
2026-04-26 18:59:23.868,11564,49552,49.552,1008
2026-04-26 18:59:23.901,11565,8797,8.797,-27242
2026-04-26 18:59:23.999,11570,55170,55.170,191
2026-04-26 18:59:24.288,12033,42473,42.473,3389
2026-04-26 18:59:24.399,12038,55269,55.269,201
2026-04-26 18:59:24.459,11638,52597,52.597,201
2026-04-26 18:59:24.710,11565,12266,12.266,3469
2026-04-26 18:59:24.810,11570,55369,55.369,199
2026-04-26 18:59:25.070,12033,41865,41.865,-608
2026-04-26 18:59:25.170,12038,55458,55.458,189
2026-04-26 18:59:25.230,11638,52786,52.786,189
2026-04-26 18:59:25.470,11565,8261,8.261,-4005
2026-04-26 18:59:25.569,11570,55555,55.555,186
2026-04-26 18:59:25.841,12033,28035,28.035,-13830
2026-04-26 18:59:25.939,12038,55647,55.647,189
2026-04-26 18:59:25.999,11638,52975,52.975,189
2026-04-26 18:59:26.240,11565,1083,1.083,-7178
2026-04-26 18:59:26.260,11566,41742,41.742,9298
2026-04-26 18:59:26.351,11570,55747,55.747,192
2026-04-26 18:59:26.621,12033,35063,35.063,7028
2026-04-26 18:59:26.641,12034,38114,38.114,-27122
2026-04-26 18:59:26.720,12038,55838,55.838,191
2026-04-26 18:59:26.779,11638,53166,53.166,191
2026-04-26 18:59:27.043,11566,49376,49.376,7634
2026-04-26 18:59:27.122,11570,55936,55.936,189
2026-04-26 18:59:27.411,12034,13609,13.609,-24505
2026-04-26 18:59:27.493,12038,56027,56.027,189
2026-04-26 18:59:27.559,11638,53357,53.357,191
2026-04-26 18:59:27.819,11566,47500,47.500,-1876
2026-04-26 18:59:27.901,11570,56127,56.127,191
2026-04-26 18:59:28.179,12034,52513,52.513,38904
2026-04-26 18:59:28.260,12038,56198,56.198,171
2026-04-26 18:59:28.319,11638,53510,53.510,153
2026-04-26 18:59:28.590,11566,0,0.000,-47500
2026-04-26 18:59:28.672,11570,56198,56.198,71
2026-04-26 18:59:56.982,11565,38384,38.384,37301
2026-04-26 18:59:57.341,12033,16949,16.949,-18114
2026-04-26 18:59:57.765,11565,40959,40.959,2575
2026-04-26 18:59:58.127,12033,16806,16.806,-143
2026-04-26 18:59:58.524,11565,48970,48.970,8011
2026-04-26 18:59:58.904,12033,32971,32.971,16165
2026-04-26 18:59:59.301,11565,64527,64.527,15557
